AAWt,AAMt,Sstruct,SaccW,ShbondsW,SaccM,ShbondsM,yDDG,Result,Positiontype,ProteinPropens,Positionaccept,MOSST,SectorSuperficie,Functionalrelevancefunction,Clinical
N,S,L,66.5,U,47.9,N,-1.4,D,N,0.7,0.85,0.0,R,0.25,N
E,K,L,45.9,S,58.7,S,-0.1,N,V,1.0,0.57,0.4,R,0.1,D
S,P,E,0.0,N,0.0,N,-1.4,D,S,0.7,0.25,-0.1,R,0.0,N
S,D,E,0.0,N,0.0,N,-1.3,D,S,0.7,0.25,-0.1,R,0.0,N
S,A,E,0.0,N,0.0,N,1.9,S,S,0.7,0.25,1.1,R,0.0,N
R,H,L,62.0,U,61.8,S,0.6,T,V,0.3,0.67,0.6,P,0.35,N
P,T,B,61.0,N,93.7,N,0.3,N,N,0.1,0.76,0.7,Z,0.2,N
V,I,L,59.5,N,67.4,N,0.0,N,S,0.9,0.56,0.4,O,0.1,N
V,L,L,59.5,N,54.4,N,1.0,T,S,0.9,0.56,0.3,O,0.1,D
L,P,E,15.5,N,12.6,N,-3.5,L,S,0.3,0.17,-0.1,O,0.1,N
D,N,H,83.7,N,88.2,S,-0.3,N,S,0.7,0.47,0.3,O,0.25,N
D,Y,H,83.7,N,89.9,N,-1.0,E,S,0.7,0.47,-0.1,O,0.25,N
Q,H,E,44.8,U,47.1,N,-1.4,D,S,0.8,0.28,0.6,O,0.15,N
Q,P,E,44.8,U,29.5,N,-2.4,L,S,0.8,0.28,-0.1,O,0.15,D
P,L,L,78.1,N,78.6,N,-1.0,D,N,-0.1,0.21,0.0,R,0.0,N
T,A,L,41.5,N,34.9,N,1.0,T,S,0.9,0.26,0.5,R,0.0,N
P,A,L,55.9,N,66.1,N,-0.9,E,N,-0.1,0.2,0.4,R,0.0,N
G,A,H,97.4,N,89.5,N,-1.8,D,P,0.3,0.77,0.0,P,0.0,D
T,M,L,50.8,N,62.7,N,0.3,N,N,1.0,0.63,-0.2,P,0.25,D
G,D,E,37.0,N,69.9,S,-0.4,N,P,0.2,0.89,-0.2,R,0.0,D
R,G,E,40.5,N,73.3,N,-2.7,L,S,0.3,0.44,-0.3,R,0.6,D
H,P,E,74.0,S,87.1,N,0.2,N,S,0.9,0.76,-0.3,R,0.1,N
H,Q,E,74.0,S,82.7,S,0.5,N,S,0.9,0.76,0.3,R,0.1,N
H,Y,E,74.0,S,96.2,N,1.6,S,S,0.9,0.76,-0.3,R,0.1,N
L,V,E,13.7,N,10.8,N,0.2,N,S,0.1,0.25,0.2,A,0.35,D
L,H,E,0.0,N,16.9,N,-3.2,L,P,0.9,0.47,-0.2,A,0.35,N
L,P,E,0.0,N,4.9,N,-4.0,L,P,0.9,0.47,-0.3,A,0.35,D
L,V,E,0.0,N,0.9,N,-0.4,N,P,0.9,0.47,0.6,A,0.35,N
L,R,E,0.0,N,9.3,S,-3.0,L,P,0.9,0.47,-0.4,A,0.35,D
Q,H,H,96.5,S,95.3,S,0.3,N,N,0.4,0.6,0.2,Z,0.3,D
Q,P,H,96.5,S,68.0,N,-8.7,L,N,0.4,0.6,-0.1,Z,0.3,D
T,S,I,64.7,N,68.4,S,-0.3,N,N,0.7,0.53,0.2,M,0.1,N
L,F,L,20.4,N,47.5,N,0.3,N,P,0.6,0.84,0.0,M,0.1,D
D,E,H,99.4,S,98.6,S,-0.5,N,N,-0.1,0.71,-0.1,M,0.2,D
Q,H,I,82.8,S,74.3,S,-0.7,E,N,0.8,0.64,-0.2,M,0.1,D
P,A,L,24.3,N,14.2,N,1.5,S,S,0.0,0.41,0.7,M,0.0,N
F,S,E,57.5,N,70.8,N,-1.3,D,N,0.9,0.31,0.1,A,0.35,N
N,K,E,45.5,S,50.6,S,1.2,S,N,0.9,0.69,-0.2,H,0.1,N
V,M,L,111.8,N,92.1,N,-0.5,E,N,0.5,0.62,-0.1,H,0.55,D
V,L,L,111.8,N,99.8,N,-1.2,D,N,0.5,0.62,0.4,H,0.55,N
V,D,L,111.8,N,93.3,S,-0.4,N,N,0.5,0.62,-0.4,H,0.55,N
V,G,L,111.8,N,128.5,N,-3.0,L,N,0.5,0.62,-0.3,H,0.55,D
E,K,A,37.1,N,41.4,U,-0.6,E,N,0.6,0.85,0.3,B,0.6,N
K,N,L,75.7,S,90.9,S,-0.6,E,N,0.1,0.72,-0.2,U,0.1,N
K,R,L,75.7,S,81.1,U,0.1,N,N,0.1,0.72,0.0,U,0.1,N
N,D,3,39.9,N,26.9,S,-0.3,N,N,0.4,0.56,0.6,U,0.0,N
E,K,A,57.7,N,87.8,S,-1.2,D,N,0.7,0.79,0.1,B,0.35,D
E,K,A,46.6,U,81.0,U,-1.3,D,N,0.6,0.9,0.3,C,0.35,N
H,D,L,67.5,S,32.5,U,-0.3,N,S,0.7,0.87,0.1,F,0.25,D
Q,R,A,65.7,U,85.6,U,0.3,N,N,0.4,0.14,-0.1,F,0.15,N
K,R,A,65.1,S,64.1,S,-0.4,N,N,0.1,0.8,0.0,F,0.5,N
E,K,A,62.5,S,76.0,U,-0.8,E,N,0.7,0.59,0.4,F,0.25,N
E,G,A,62.5,S,104.4,N,-3.6,L,N,0.7,0.59,-0.2,F,0.25,N
A,V,L,84.5,N,84.5,N,0.3,N,S,0.9,0.25,0.2,F,0.15,N
