WT_SSE,WT_RSA,WT_DEPTH,WT_OSP,MT_SSE,MT_RSA,MT_DEPTH,MT_OSP,PredictedDDG,wildResidue,mutationResidue,posResidue
H ,3.4,9.4,0.51,H ,1.4,9.4,0.57,-0.85,A,V,101
E ,0.0,10.1,0.62,E ,0.0,10.6,0.55,-0.92,A,G,84
H ,109.3,3.5,0.24,H ,89.7,3.1,0.22,1.57,G,A,68
H ,31.4,4.1,0.37,H ,38.9,4.3,0.38,-0.35,I,V,104
H ,1.8,6.7,0.49,H ,3.3,6.7,0.46,-2.55,I,V,156
H ,48.9,3.7,0.31,H ,50.9,3.5,0.36,0.5,I,A,21
H ,48.9,3.7,0.31,H ,77.9,4.1,0.36,-0.91,I,G,21
H ,0.0,9.1,0.54,H ,4.9,8.8,0.53,-2.55,I,V,22
E ,0.0,12.8,0.55,E ,0.2,13.0,0.53,-2.14,I,V,51
E ,0.0,13.0,0.5,E ,0.2,13.2,0.47,-2.14,I,V,52
E ,0.1,8.3,0.44,E ,12.0,8.6,0.35,-3.96,L,A,143
E ,0.0,9.4,0.53,E ,7.5,10.1,0.45,-3.96,L,A,50
E ,0.0,9.6,0.6,E ,4.6,8.9,0.46,-3.85,L,A,6
a ,26.1,4.2,0.39,a ,3.9,4.8,0.45,1.03,N,A,97
H ,69.4,3.4,0.18,H ,106.6,3.4,0.19,-1.22,Q,G,111
l ,0.2,12.3,0.53,l ,5.0,11.2,0.44,-0.4,Q,A,99
H ,34.4,3.5,0.36,H ,36.2,3.5,0.34,1.49,S,A,110
a ,83.0,3.2,0.17,a ,87.6,3.0,0.15,0.67,S,A,71
a ,19.1,4.1,0.47,a ,29.3,3.6,0.39,-0.11,T,S,122
b ,13.1,4.8,0.42,b ,17.2,4.4,0.34,-2.02,V,A,117
a ,0.0,7.2,0.58,a ,0.0,7.4,0.46,-1.34,V,A,139
H ,0.1,6.9,0.6,H ,3.0,6.3,0.5,-0.87,V,A,160
E ,0.0,7.3,0.44,E ,0.0,7.2,0.33,-2.85,V,A,31
E ,0.5,9.0,0.56,E ,0.0,9.3,0.6,-0.68,V,I,83
H ,35.0,3.9,0.38,H ,30.7,3.5,0.4,0.52,D,A,43
H ,79.3,3.5,0.22,H ,67.6,3.2,0.31,-0.02,E,A,107
b ,93.9,3.3,0.19,b ,96.8,3.3,0.13,0.63,D,K,126
a ,94.8,3.4,0.15,a ,101.5,3.2,0.07,-0.12,D,K,150
H ,38.5,4.0,0.36,H ,43.2,3.7,0.32,1.11,D,K,65
H ,71.0,3.3,0.15,H ,69.4,3.3,0.14,0.5,D,K,75
b ,84.2,3.4,0.22,b ,85.4,3.3,0.18,0.26,E,K,40
b ,70.6,3.5,0.18,b ,75.9,3.4,0.17,0.26,E,K,61
H ,56.5,3.6,0.32,H ,59.2,3.6,0.27,-0.86,E,K,72
H ,3.4,9.4,0.51,H ,1.4,9.4,0.57,-0.85,A,V,101
E ,0.0,10.1,0.62,E ,0.0,10.6,0.55,-0.92,A,G,84
H ,109.3,3.5,0.24,H ,89.7,3.1,0.22,1.57,G,A,68
H ,31.4,4.1,0.37,H ,38.9,4.3,0.38,-0.35,I,V,104
H ,1.8,6.7,0.49,H ,3.3,6.7,0.46,-2.55,I,V,156
H ,48.9,3.7,0.31,H ,50.9,3.5,0.36,0.5,I,A,21
H ,48.9,3.7,0.31,H ,77.9,4.1,0.36,-0.91,I,G,21
H ,0.0,9.1,0.54,H ,4.9,8.8,0.53,-2.55,I,V,22
E ,0.0,12.8,0.55,E ,0.2,13.0,0.53,-2.14,I,V,51
E ,0.0,13.0,0.5,E ,0.2,13.2,0.47,-2.14,I,V,52
E ,0.1,8.3,0.44,E ,12.0,8.6,0.35,-3.96,L,A,143
E ,0.0,9.4,0.53,E ,7.5,10.1,0.45,-3.96,L,A,50
E ,0.0,9.6,0.6,E ,4.6,8.9,0.46,-3.85,L,A,6
a ,26.1,4.2,0.39,a ,3.9,4.8,0.45,1.03,N,A,97
H ,69.4,3.4,0.18,H ,106.6,3.4,0.19,-1.22,Q,G,111
l ,0.2,12.3,0.53,l ,5.0,11.2,0.44,-0.4,Q,A,99
H ,34.4,3.5,0.36,H ,36.2,3.5,0.34,1.49,S,A,110
a ,83.0,3.2,0.17,a ,87.6,3.0,0.15,0.67,S,A,71
a ,19.1,4.1,0.47,a ,29.3,3.6,0.39,-0.11,T,S,122
b ,13.1,4.8,0.42,b ,17.2,4.4,0.34,-2.02,V,A,117
a ,0.0,7.2,0.58,a ,0.0,7.4,0.46,-1.34,V,A,139
H ,0.1,6.9,0.6,H ,3.0,6.3,0.5,-0.87,V,A,160
E ,0.0,7.3,0.44,E ,0.0,7.2,0.33,-2.85,V,A,31
E ,0.5,9.0,0.56,E ,0.0,9.3,0.6,-0.68,V,I,83
H ,35.0,3.9,0.38,H ,30.7,3.5,0.4,0.52,D,A,43
H ,79.3,3.5,0.22,H ,67.6,3.2,0.31,-0.02,E,A,107
b ,93.9,3.3,0.19,b ,96.8,3.3,0.13,0.63,D,K,126
a ,94.8,3.4,0.15,a ,101.5,3.2,0.07,-0.12,D,K,150
H ,49.8,3.7,0.36,H ,62.5,3.5,0.29,-0.86,E,K,20
H ,38.5,4.0,0.36,H ,43.2,3.7,0.32,1.11,D,K,65
H ,71.0,3.3,0.15,H ,69.4,3.3,0.14,0.5,D,K,75
b ,84.2,3.4,0.22,b ,85.4,3.3,0.18,0.26,E,K,40
b ,70.6,3.5,0.18,b ,75.9,3.4,0.17,0.26,E,K,61
H ,56.5,3.6,0.32,H ,59.2,3.6,0.27,-0.86,E,K,72
H ,3.4,9.4,0.51,H ,1.4,9.4,0.57,-0.85,A,V,101
E ,0.0,10.1,0.62,E ,0.0,10.6,0.55,-0.92,A,G,84
H ,109.3,3.5,0.24,H ,89.7,3.1,0.22,1.57,G,A,68
H ,31.4,4.1,0.37,H ,38.9,4.3,0.38,-0.35,I,V,104
H ,1.8,6.7,0.49,H ,3.3,6.7,0.46,-2.55,I,V,156
H ,48.9,3.7,0.31,H ,50.9,3.5,0.36,0.5,I,A,21
H ,48.9,3.7,0.31,H ,77.9,4.1,0.36,-0.91,I,G,21
H ,0.0,9.1,0.54,H ,4.9,8.8,0.53,-2.55,I,V,22
E ,0.0,12.8,0.55,E ,0.2,13.0,0.53,-2.14,I,V,51
E ,0.0,13.0,0.5,E ,0.2,13.2,0.47,-2.14,I,V,52
E ,0.1,8.3,0.44,E ,12.0,8.6,0.35,-3.96,L,A,143
E ,0.0,9.4,0.53,E ,7.5,10.1,0.45,-3.96,L,A,50
E ,0.0,9.6,0.6,E ,4.6,8.9,0.46,-3.85,L,A,6
a ,26.1,4.2,0.39,a ,3.9,4.8,0.45,1.03,N,A,97
H ,69.4,3.4,0.18,H ,106.6,3.4,0.19,-1.22,Q,G,111
l ,0.2,12.3,0.53,l ,5.0,11.2,0.44,-0.4,Q,A,99
H ,34.4,3.5,0.36,H ,36.2,3.5,0.34,1.49,S,A,110
a ,83.0,3.2,0.17,a ,87.6,3.0,0.15,0.67,S,A,71
a ,19.1,4.1,0.47,a ,29.3,3.6,0.39,-0.11,T,S,122
b ,13.1,4.8,0.42,b ,17.2,4.4,0.34,-2.02,V,A,117
a ,0.0,7.2,0.58,a ,0.0,7.4,0.46,-1.34,V,A,139
H ,0.1,6.9,0.6,H ,3.0,6.3,0.5,-0.87,V,A,160
E ,0.0,7.3,0.44,E ,0.0,7.2,0.33,-2.85,V,A,31
E ,0.5,9.0,0.56,E ,0.0,9.3,0.6,-0.68,V,I,83
H ,35.0,3.9,0.38,H ,30.7,3.5,0.4,0.52,D,A,43
H ,79.3,3.5,0.22,H ,67.6,3.2,0.31,-0.02,E,A,107
b ,93.9,3.3,0.19,b ,96.8,3.3,0.13,0.63,D,K,126
a ,94.8,3.4,0.15,a ,101.5,3.2,0.07,-0.12,D,K,150
H ,49.8,3.7,0.36,H ,62.5,3.5,0.29,-0.86,E,K,20
H ,38.5,4.0,0.36,H ,43.2,3.7,0.32,1.11,D,K,65
H ,71.0,3.3,0.15,H ,69.4,3.3,0.14,0.5,D,K,75
b ,84.2,3.4,0.22,b ,85.4,3.3,0.18,0.26,E,K,40
b ,70.6,3.5,0.18,b ,75.9,3.4,0.17,0.26,E,K,61
H ,56.5,3.6,0.32,H ,59.2,3.6,0.27,-0.86,E,K,72
H ,3.4,9.4,0.51,H ,1.4,9.4,0.57,-0.85,A,V,101
E ,0.0,10.1,0.62,E ,0.0,10.6,0.55,-0.92,A,G,84
H ,109.3,3.5,0.24,H ,89.7,3.1,0.22,1.57,G,A,68
H ,31.4,4.1,0.37,H ,38.9,4.3,0.38,-0.35,I,V,104
H ,1.8,6.7,0.49,H ,3.3,6.7,0.46,-2.55,I,V,156
H ,48.9,3.7,0.31,H ,50.9,3.5,0.36,0.5,I,A,21
H ,48.9,3.7,0.31,H ,77.9,4.1,0.36,-0.91,I,G,21
H ,0.0,9.1,0.54,H ,4.9,8.8,0.53,-2.55,I,V,22
E ,0.0,12.8,0.55,E ,0.2,13.0,0.53,-2.14,I,V,51
E ,0.0,13.0,0.5,E ,0.2,13.2,0.47,-2.14,I,V,52
E ,0.1,8.3,0.44,E ,12.0,8.6,0.35,-3.96,L,A,143
E ,0.0,9.4,0.53,E ,7.5,10.1,0.45,-3.96,L,A,50
E ,0.0,9.6,0.6,E ,4.6,8.9,0.46,-3.85,L,A,6
a ,26.1,4.2,0.39,a ,3.9,4.8,0.45,1.03,N,A,97
H ,69.4,3.4,0.18,H ,106.6,3.4,0.19,-1.22,Q,G,111
l ,0.2,12.3,0.53,l ,5.0,11.2,0.44,-0.4,Q,A,99
H ,34.4,3.5,0.36,H ,36.2,3.5,0.34,1.49,S,A,110
a ,83.0,3.2,0.17,a ,87.6,3.0,0.15,0.67,S,A,71
a ,19.1,4.1,0.47,a ,29.3,3.6,0.39,-0.11,T,S,122
b ,13.1,4.8,0.42,b ,17.2,4.4,0.34,-2.02,V,A,117
a ,0.0,7.2,0.58,a ,0.0,7.4,0.46,-1.34,V,A,139
H ,0.1,6.9,0.6,H ,3.0,6.3,0.5,-0.87,V,A,160
E ,0.0,7.3,0.44,E ,0.0,7.2,0.33,-2.85,V,A,31
E ,0.5,9.0,0.56,E ,0.0,9.3,0.6,-0.68,V,I,83
H ,35.0,3.9,0.38,H ,30.7,3.5,0.4,0.52,D,A,43
H ,79.3,3.5,0.22,H ,67.6,3.2,0.31,-0.02,E,A,107
b ,93.9,3.3,0.19,b ,96.8,3.3,0.13,0.63,D,K,126
a ,94.8,3.4,0.15,a ,101.5,3.2,0.07,-0.12,D,K,150
H ,49.8,3.7,0.36,H ,62.5,3.5,0.29,-0.86,E,K,20
H ,38.5,4.0,0.36,H ,43.2,3.7,0.32,1.11,D,K,65
H ,71.0,3.3,0.15,H ,69.4,3.3,0.14,0.5,D,K,75
b ,84.2,3.4,0.22,b ,85.4,3.3,0.18,0.26,E,K,40
b ,70.6,3.5,0.18,b ,75.9,3.4,0.17,0.26,E,K,61
H ,56.5,3.6,0.32,H ,59.2,3.6,0.27,-0.86,E,K,72
H ,3.4,9.4,0.51,H ,1.4,9.4,0.57,-0.85,A,V,101
E ,0.0,10.1,0.62,E ,0.0,10.6,0.55,-0.92,A,G,84
H ,109.3,3.5,0.24,H ,89.7,3.1,0.22,1.57,G,A,68
H ,31.4,4.1,0.37,H ,38.9,4.3,0.38,-0.35,I,V,104
H ,1.8,6.7,0.49,H ,3.3,6.7,0.46,-2.55,I,V,156
H ,48.9,3.7,0.31,H ,50.9,3.5,0.36,0.5,I,A,21
H ,48.9,3.7,0.31,H ,77.9,4.1,0.36,-0.91,I,G,21
H ,0.0,9.1,0.54,H ,4.9,8.8,0.53,-2.55,I,V,22
E ,0.0,12.8,0.55,E ,0.2,13.0,0.53,-2.14,I,V,51
E ,0.0,13.0,0.5,E ,0.2,13.2,0.47,-2.14,I,V,52
E ,0.1,8.3,0.44,E ,12.0,8.6,0.35,-3.96,L,A,143
E ,0.0,9.4,0.53,E ,7.5,10.1,0.45,-3.96,L,A,50
E ,0.0,9.6,0.6,E ,4.6,8.9,0.46,-3.85,L,A,6
a ,26.1,4.2,0.39,a ,3.9,4.8,0.45,1.03,N,A,97
H ,69.4,3.4,0.18,H ,106.6,3.4,0.19,-1.22,Q,G,111
l ,0.2,12.3,0.53,l ,5.0,11.2,0.44,-0.4,Q,A,99
H ,34.4,3.5,0.36,H ,36.2,3.5,0.34,1.49,S,A,110
a ,83.0,3.2,0.17,a ,87.6,3.0,0.15,0.67,S,A,71
a ,19.1,4.1,0.47,a ,29.3,3.6,0.39,-0.11,T,S,122
b ,13.1,4.8,0.42,b ,17.2,4.4,0.34,-2.02,V,A,117
a ,0.0,7.2,0.58,a ,0.0,7.4,0.46,-1.34,V,A,139
H ,0.1,6.9,0.6,H ,3.0,6.3,0.5,-0.87,V,A,160
E ,0.0,7.3,0.44,E ,0.0,7.2,0.33,-2.85,V,A,31
E ,0.5,9.0,0.56,E ,0.0,9.3,0.6,-0.68,V,I,83
H ,35.0,3.9,0.38,H ,30.7,3.5,0.4,0.52,D,A,43
H ,79.3,3.5,0.22,H ,67.6,3.2,0.31,-0.02,E,A,107
b ,93.9,3.3,0.19,b ,96.8,3.3,0.13,0.63,D,K,126
a ,94.8,3.4,0.15,a ,101.5,3.2,0.07,-0.12,D,K,150
H ,49.8,3.7,0.36,H ,62.5,3.5,0.29,-0.86,E,K,20
H ,38.5,4.0,0.36,H ,43.2,3.7,0.32,1.11,D,K,65
H ,71.0,3.3,0.15,H ,69.4,3.3,0.14,0.5,D,K,75
b ,84.2,3.4,0.22,b ,85.4,3.3,0.18,0.26,E,K,40
b ,70.6,3.5,0.18,b ,75.9,3.4,0.17,0.26,E,K,61
H ,56.5,3.6,0.32,H ,59.2,3.6,0.27,-0.86,E,K,72
H ,3.4,9.4,0.51,H ,1.4,9.4,0.57,-0.85,A,V,101
E ,0.0,10.1,0.62,E ,0.0,10.6,0.55,-0.92,A,G,84
b ,93.9,3.3,0.19,b ,96.8,3.3,0.13,0.63,D,K,126
a ,94.8,3.4,0.15,a ,101.5,3.2,0.07,-0.12,D,K,150
H ,49.8,3.7,0.36,H ,62.5,3.5,0.29,-0.86,E,K,20
H ,35.0,3.9,0.38,H ,30.7,3.5,0.4,0.52,D,A,43
H ,38.5,4.0,0.36,H ,43.2,3.7,0.32,1.11,D,K,65
H ,71.0,3.3,0.15,H ,69.4,3.3,0.14,0.5,D,K,75
H ,79.3,3.5,0.22,H ,67.6,3.2,0.31,-0.02,E,A,107
b ,84.2,3.4,0.22,b ,85.4,3.3,0.18,0.26,E,K,40
b ,70.6,3.5,0.18,b ,75.9,3.4,0.17,0.26,E,K,61
H ,56.5,3.6,0.32,H ,59.2,3.6,0.27,-0.86,E,K,72
H ,109.3,3.5,0.24,H ,89.7,3.1,0.22,1.57,G,A,68
H ,31.4,4.1,0.37,H ,38.9,4.3,0.38,-0.35,I,V,104
H ,1.8,6.7,0.49,H ,3.3,6.7,0.46,-2.55,I,V,156
H ,48.9,3.7,0.31,H ,50.9,3.5,0.36,0.5,I,A,21
H ,48.9,3.7,0.31,H ,77.9,4.1,0.36,-0.91,I,G,21
H ,0.0,9.1,0.54,H ,4.9,8.8,0.53,-2.55,I,V,22
E ,0.0,12.8,0.55,E ,0.2,13.0,0.53,-2.14,I,V,51
E ,0.0,13.0,0.5,E ,0.2,13.2,0.47,-2.14,I,V,52
E ,0.1,8.3,0.44,E ,12.0,8.6,0.35,-3.96,L,A,143
E ,0.0,9.4,0.53,E ,7.5,10.1,0.45,-3.96,L,A,50
E ,0.0,9.6,0.6,E ,4.6,8.9,0.46,-3.85,L,A,6
a ,26.1,4.2,0.39,a ,3.9,4.8,0.45,1.03,N,A,97
H ,69.4,3.4,0.18,H ,106.6,3.4,0.19,-1.22,Q,G,111
l ,0.2,12.3,0.53,l ,5.0,11.2,0.44,-0.4,Q,A,99
H ,34.4,3.5,0.36,H ,36.2,3.5,0.34,1.49,S,A,110
a ,83.0,3.2,0.17,a ,87.6,3.0,0.15,0.67,S,A,71
a ,19.1,4.1,0.47,a ,29.3,3.6,0.39,-0.11,T,S,122
b ,13.1,4.8,0.42,b ,17.2,4.4,0.34,-2.02,V,A,117
a ,0.0,7.2,0.58,a ,0.0,7.4,0.46,-1.34,V,A,139
H ,0.1,6.9,0.6,H ,3.0,6.3,0.5,-0.87,V,A,160
E ,0.0,7.3,0.44,E ,0.0,7.2,0.33,-2.85,V,A,31
E ,0.5,9.0,0.56,E ,0.0,9.3,0.6,-0.68,V,I,83
