Chain ID,WT_SSE,WT_RSA,WT_DEPTH,WT_OSP,MT_SSE,MT_RSA,MT_DEPTH,MT_OSP,PredictedDDG,wildResidue,mutationResidue,posResidue
A ,H ,34.6,3.5,0.35,H ,42.5,3.4,0.32,0.73,C,A,182
A ,H ,64.0,3.4,0.31,H ,59.9,3.4,0.29,1.48,D,A,26
A ,H ,60.3,3.5,0.34,H ,48.6,3.3,0.4,1.24,D,A,171
A ,H ,29.3,3.8,0.29,H ,43.2,3.4,0.25,-0.66,E,A,56
A ,H ,95.6,3.3,0.18,H ,92.1,3.1,0.23,-0.02,E,A,65
A ,H ,49.5,3.5,0.36,H ,42.5,3.4,0.4,-0.66,E,A,66
A ,H ,26.9,3.8,0.36,H ,26.9,3.7,0.36,-0.1,E,A,174
A ,p ,111.0,3.2,0.08,p ,113.2,2.9,0.1,0.74,E,A,186
A ,H ,0.0,7.5,0.56,H ,11.4,6.7,0.43,-2.48,F,A,10
A ,H ,48.4,3.6,0.3,H ,41.1,3.2,0.39,0.97,F,A,25
A ,H ,16.0,5.6,0.43,H ,46.0,3.7,0.25,-2.09,F,A,54
A ,H ,4.1,6.1,0.52,H ,12.3,7.4,0.45,-2.44,F,A,176
A ,e ,94.2,3.3,0.06,p ,153.9,3.0,0.0,0.0,F,A,191
A ,g ,38.0,3.8,0.33,g ,50.9,3.2,0.33,-3.13,G,A,187
A ,H ,66.7,3.4,0.27,H ,45.3,3.4,0.37,0.55,H,A,18
A ,H ,22.7,4.2,0.44,H ,16.8,4.1,0.45,0.55,H,A,21
A ,p ,86.9,3.3,0.13,p ,75.1,3.0,0.15,0.15,I,A,4
A ,b ,0.0,6.6,0.48,b ,5.3,6.3,0.38,-4.47,I,A,58
A ,H ,16.0,4.3,0.41,H ,21.0,4.2,0.38,-2.26,I,A,179
A ,p ,37.6,4.4,0.33,p ,20.5,3.7,0.37,0.68,K,A,70
A ,H ,33.9,3.6,0.33,H ,51.9,3.6,0.34,0.72,K,A,168
A ,H ,25.4,4.1,0.42,H ,30.4,4.0,0.51,0.8,K,A,172
A ,a ,12.5,4.8,0.37,a ,31.5,4.2,0.32,-3.06,L,A,6
A ,H ,32.5,4.3,0.3,H ,43.6,3.7,0.34,0.15,L,A,9
A ,H ,82.6,3.3,0.2,H ,73.1,3.0,0.3,0.15,L,A,15
A ,H ,37.8,3.7,0.32,H ,64.4,3.1,0.3,0.15,L,A,45
A ,H ,23.1,3.6,0.42,H ,52.8,3.3,0.37,0.15,L,A,73
A ,H ,13.3,4.3,0.42,H ,48.5,3.4,0.33,-1.0,M,A,14
A ,H ,34.9,3.7,0.41,H ,25.0,3.9,0.47,1.1,N,A,12
A ,b ,65.8,3.7,0.3,b ,67.6,3.2,0.24,0.14,N,A,63
A ,p ,79.1,3.3,0.15,p ,91.6,3.0,0.13,-0.36,P,A,5
A ,H ,51.5,3.4,0.34,H ,58.4,3.1,0.34,2.47,P,A,48
A ,p ,42.9,3.7,0.29,p ,82.1,3.2,0.16,-0.36,P,A,59
A ,p ,1.9,5.7,0.41,p ,2.5,5.4,0.36,-0.27,P,A,61
A ,H ,46.0,3.8,0.35,H ,44.5,3.6,0.37,0.39,Q,A,22
A ,H ,59.5,3.5,0.27,H ,54.0,3.3,0.34,0.42,Q,A,29
A ,a ,88.9,3.2,0.17,H ,87.0,3.0,0.19,0.11,Q,A,46
A ,H ,44.2,3.5,0.27,H ,56.2,3.1,0.26,0.39,Q,A,68
A ,a ,84.8,3.4,0.15,H ,75.9,3.1,0.2,0.11,Q,A,69
A ,H ,5.4,5.2,0.56,H ,6.0,6.5,0.57,0.74,Q,A,181
A ,H ,94.8,3.2,0.13,H ,92.9,3.0,0.21,0.48,R,A,8
A ,H ,23.9,4.0,0.45,H ,14.6,4.5,0.5,-0.09,R,A,16
A ,H ,37.0,3.7,0.38,H ,42.5,3.4,0.41,-0.09,R,A,19
A ,H ,84.3,3.3,0.16,H ,95.2,3.1,0.21,0.41,R,A,64
A ,H ,29.0,4.1,0.38,H ,22.3,3.9,0.42,0.48,R,A,167
A ,H ,48.0,3.5,0.35,H ,49.6,3.2,0.41,0.41,R,A,178
A ,H ,37.8,3.6,0.26,H ,67.1,3.2,0.2,-0.09,R,A,183
A ,H ,53.4,3.3,0.33,H ,52.8,3.2,0.32,1.58,S,A,7
A ,H ,10.1,4.5,0.46,H ,13.6,4.1,0.43,1.26,S,A,51
A ,H ,0.4,7.3,0.48,H ,0.4,7.5,0.45,1.5,S,A,55
A ,H ,81.3,3.3,0.23,H ,76.9,3.2,0.2,1.4,S,A,57
A ,a ,84.8,3.2,0.15,a ,80.4,3.0,0.14,0.34,S,A,62
A ,p ,72.7,3.3,0.36,p ,77.6,3.1,0.34,0.02,S,A,71
A ,H ,16.2,4.0,0.38,H ,15.8,4.3,0.32,1.26,S,A,184
A ,a ,26.9,4.5,0.32,a ,32.3,3.7,0.25,0.67,S,A,188
A ,b ,96.5,3.2,0.07,b ,94.8,3.1,0.1,-0.12,T,A,3
A ,H ,52.2,3.6,0.36,H ,57.1,3.2,0.38,1.54,T,A,175
A ,H ,0.0,7.3,0.61,H ,0.0,8.0,0.51,-0.87,V,A,180
A ,b ,14.7,4.4,0.37,b ,12.8,4.4,0.31,-2.02,V,A,185
A ,H ,64.2,3.4,0.31,H ,65.0,3.2,0.37,0.56,Y,A,42
A ,H ,13.6,5.1,0.42,H ,19.6,5.2,0.43,-1.07,Y,A,164
B ,E ,15.4,4.0,0.52,E ,7.8,4.2,0.54,-1.16,C,A,308
B ,E ,41.9,3.4,0.3,E ,55.0,3.1,0.26,-0.56,C,A,322
B ,H ,22.1,4.0,0.41,H ,19.7,4.0,0.36,0.52,D,A,326
B ,t ,23.6,4.1,0.46,t ,24.2,3.7,0.37,-0.01,D,A,364
B ,a ,59.2,3.5,0.18,a ,67.0,3.2,0.15,0.02,D,A,405
B ,a ,10.7,4.5,0.53,a ,9.8,4.5,0.47,-1.33,E,A,242
B ,a ,49.3,3.6,0.32,a ,48.6,3.2,0.37,0.06,E,A,244
B ,p ,89.2,3.3,0.18,p ,93.6,3.0,0.18,0.52,E,A,279
B ,E ,39.1,3.6,0.36,E ,46.3,3.2,0.32,-0.59,E,A,282
B ,p ,96.9,3.3,0.12,p ,99.6,3.1,0.15,0.74,E,A,291
B ,E ,51.3,3.6,0.28,E ,48.3,3.2,0.29,-0.59,E,A,320
B ,H ,65.3,3.3,0.23,a ,75.5,3.2,0.24,0.08,E,A,327
B ,E ,10.3,4.4,0.46,E ,5.6,4.9,0.43,0.27,E,A,373
B ,E ,10.7,4.3,0.46,E ,13.5,4.5,0.42,-1.68,E,A,375
B ,E ,13.1,4.3,0.51,E ,7.4,4.5,0.5,-1.48,E,A,380
B ,E ,38.7,3.7,0.38,E ,38.0,3.5,0.35,-0.4,E,A,407
B ,E ,12.9,4.8,0.52,E ,8.2,5.0,0.48,-1.68,E,A,409
B ,p ,81.9,3.3,0.17,p ,83.4,3.0,0.27,0.74,E,A,424
B ,E ,0.0,8.5,0.59,E ,8.8,8.1,0.51,-2.83,F,S,296
B ,a ,37.6,4.2,0.34,a ,24.8,3.9,0.34,-0.02,F,A,300
B ,b ,6.3,4.7,0.46,b ,5.4,4.6,0.36,-4.46,I,A,303
B ,b ,26.5,4.3,0.39,b ,21.5,3.8,0.33,-1.23,I,A,305
B ,H ,10.3,5.4,0.49,a ,15.6,5.1,0.42,-2.03,I,A,328
B ,a ,35.6,3.8,0.32,a ,50.7,3.4,0.21,0.17,I,A,365
B ,E ,49.4,3.5,0.31,E ,55.1,3.4,0.39,-0.38,K,A,281
B ,E ,28.6,4.1,0.43,E ,17.0,4.3,0.45,-0.38,K,A,310
B ,E ,41.7,3.7,0.34,E ,46.6,3.3,0.39,-0.31,K,A,321
B ,a ,74.5,3.3,0.2,a ,70.2,3.2,0.18,0.18,K,A,367
B ,E ,9.0,5.3,0.58,E ,2.6,6.8,0.52,0.2,K,A,379
B ,E ,54.5,3.8,0.32,E ,22.7,3.7,0.45,-0.31,K,A,403
B ,b ,39.0,3.9,0.31,b ,33.4,3.8,0.31,0.15,K,A,406
B ,E ,26.1,4.3,0.46,E ,13.6,4.3,0.49,-0.38,K,A,415
B ,b ,41.2,3.5,0.26,b ,50.7,3.2,0.25,0.51,N,A,272
B ,p ,56.9,3.7,0.42,p ,49.4,3.2,0.44,0.67,N,A,297
B ,g ,116.8,3.3,0.07,g ,109.3,3.0,0.07,1.03,N,A,418
B ,a ,15.3,4.1,0.42,a ,7.8,4.5,0.43,-0.25,P,A,241
B ,E ,30.5,3.7,0.42,E ,41.3,3.4,0.39,1.51,P,A,306
B ,a ,112.4,3.1,0.06,a ,103.8,3.0,0.12,0.24,Q,A,274
B ,p ,27.5,4.1,0.27,p ,47.0,3.6,0.17,0.38,Q,A,278
B ,t ,25.8,4.5,0.38,t ,2.6,5.5,0.42,1.22,Q,A,330
B ,a ,75.0,3.4,0.22,a ,99.4,3.0,0.12,0.09,Q,A,366
B ,E ,8.2,5.5,0.48,E ,10.5,6.0,0.39,-1.31,Q,A,416
B ,E ,33.7,3.9,0.32,E ,29.7,3.5,0.37,-0.61,R,A,239
B ,l ,15.6,5.2,0.42,g ,15.1,5.6,0.44,-1.3,R,A,243
B ,l ,15.6,5.2,0.42,g ,10.1,5.4,0.51,-0.35,R,L,243
B ,l ,15.6,5.2,0.42,g ,9.7,5.4,0.46,-0.94,R,M,243
B ,E ,21.3,4.7,0.47,E ,8.9,6.1,0.53,-0.59,R,A,270
B ,p ,40.4,4.1,0.36,p ,16.8,3.9,0.44,0.47,R,A,271
B ,E ,26.0,4.6,0.51,E ,8.9,4.3,0.48,-0.59,R,A,411
B ,p ,47.3,3.8,0.28,p ,31.1,3.6,0.3,0.35,R,A,417
B ,E ,11.6,4.3,0.47,E ,14.0,4.3,0.46,0.13,S,A,247
B ,a ,72.6,3.2,0.24,a ,74.7,3.1,0.23,0.4,S,A,298
B ,a ,82.6,3.2,0.2,a ,84.8,3.0,0.23,0.34,S,A,299
B ,b ,34.0,3.5,0.33,b ,32.1,3.4,0.34,0.14,S,A,302
B ,E ,16.9,3.9,0.51,E ,15.9,3.8,0.51,0.13,S,A,324
B ,b ,35.9,3.7,0.27,b ,32.4,3.8,0.29,0.14,S,A,419
B ,p ,76.7,3.3,0.15,b ,64.7,3.1,0.5,0.0,T,A,251
B ,e ,38.4,3.5,0.14,e ,90.6,3.1,0.14,1.02,T,A,273
B ,a ,72.0,3.2,0.16,a ,75.3,3.0,0.13,0.35,T,A,277
B ,b ,0.8,5.9,0.49,b ,0.3,5.1,0.41,-0.15,T,A,301
B ,b ,67.9,3.3,0.3,b ,82.3,3.0,0.27,-0.12,T,A,394
B ,a ,40.6,3.7,0.38,a ,56.1,3.4,0.38,0.12,T,A,395
B ,a ,0.0,8.0,0.55,a ,0.0,7.6,0.46,-1.42,V,A,325
B ,p ,0.0,8.0,0.47,p ,0.0,7.7,0.35,-0.72,V,A,329
B ,b ,62.4,3.5,0.28,b ,69.3,3.1,0.3,-1.16,V,A,371
B ,t ,36.0,3.7,0.33,t ,48.1,3.2,0.23,-0.1,W,A,276
B ,p ,40.2,3.9,0.34,p ,50.1,3.3,0.28,0.34,W,A,280
B ,l ,66.7,3.4,0.2,l ,83.4,3.0,0.18,0.03,W,A,304
B ,l ,66.7,3.4,0.2,l ,73.2,3.4,0.2,-0.16,W,F,304
B ,a ,43.8,3.7,0.26,a ,58.6,3.3,0.23,-0.01,W,A,369
B ,E ,36.2,4.0,0.38,E ,24.2,3.7,0.41,-0.94,Y,A,295
