Index ,PDB File ,Chain ID ,Mutation ,WT_SSE ,WT_RSA (%) ,WT_DEPTH (Å) ,WT_OSP ,WT_SS ,WT_SN ,WT_SO ,MT_SSE ,MT_RSA (%) ,MT_DEPTH (Å) ,MT_OSP ,MT_SS ,MT_SN ,MT_SO ,Predicted ΔΔG ,Outcome 
1,1RX4.pdb ,A ,F31A ,H ,26.4 ,4.2 ,0.4 ,False ,False ,False ,H ,39.4 ,3.8 ,0.4 ,False ,False ,False ,0.97 ,Increased stability 
2,1RX4.pdb ,A ,F31V ,H ,26.4 ,4.2 ,0.4 ,False ,False ,False ,H ,36.9 ,3.9 ,0.41 ,False ,False ,False ,0.1 ,Increased stability 
3,1RX4.pdb ,A ,G121A ,b ,38.6 ,3.9 ,0.25 ,False ,False ,False ,b ,27.2 ,3.9 ,0.29 ,False ,False ,False ,-0.68 ,Reduced stability 
4,1RX4.pdb ,A ,G121L ,b ,38.6 ,3.9 ,0.25 ,False ,False ,False ,b ,28.1 ,4.2 ,0.32 ,False ,False ,False ,-0.08 ,Reduced stability 
5,1RX4.pdb ,A ,G121S ,b ,38.6 ,3.9 ,0.25 ,False ,False ,False ,b ,26.7 ,3.9 ,0.29 ,False ,False ,False ,-0.59 ,Reduced stability 
6,1RX4.pdb ,A ,G121V ,b ,38.6 ,3.9 ,0.25 ,False ,False ,False ,b ,23.2 ,3.9 ,0.35 ,False ,False ,False ,0.47 ,Increased stability 
7,1RX4.pdb ,A ,G121Y ,b ,38.6 ,3.9 ,0.25 ,False ,False ,False ,b ,42.2 ,4.0 ,0.26 ,False ,False ,False ,0.02 ,Increased stability 
8,1RX4.pdb ,A ,G15A ,b ,56.6 ,4.0 ,0.32 ,False ,False ,False ,b ,43.2 ,3.8 ,0.31 ,False ,False ,False ,-0.68 ,Reduced stability 
9,1RX4.pdb ,A ,G43A ,E ,26.1 ,5.1 ,0.48 ,False ,False ,False ,E ,21.2 ,4.0 ,0.49 ,False ,False ,False ,-0.68 ,Reduced stability 
10,1RX4.pdb ,A ,G67A ,p ,3.4 ,3.8 ,0.39 ,False ,False ,False ,p ,43.8 ,3.3 ,0.35 ,False ,False ,False ,-0.44 ,Reduced stability 
11,1RX4.pdb ,A ,G67L ,p ,3.4 ,3.8 ,0.39 ,False ,False ,False ,p ,63.9 ,3.6 ,0.24 ,False ,False ,False ,-1.49 ,Reduced stability 
12,1RX4.pdb ,A ,G67S ,p ,3.4 ,3.8 ,0.39 ,False ,False ,False ,p ,41.1 ,3.5 ,0.34 ,False ,False ,False ,-1.76 ,Reduced stability 
13,1RX4.pdb ,A ,G67T ,p ,3.4 ,3.8 ,0.39 ,False ,False ,False ,p ,54.9 ,3.5 ,0.3 ,True ,False ,False ,-1.84 ,Reduced stability 
14,1RX4.pdb ,A ,G67V ,p ,3.4 ,3.8 ,0.39 ,False ,False ,False ,p ,47.3 ,3.5 ,0.33 ,False ,False ,False ,-1.22 ,Reduced stability 
15,1RX4.pdb ,A ,G95A ,e ,2.1 ,5.9 ,0.61 ,False ,False ,False ,b ,15.1 ,4.6 ,0.52 ,False ,False ,False ,-1.81 ,Reduced stability 
16,1RX4.pdb ,A ,I155A ,E ,19.2 ,4.3 ,0.49 ,False ,False ,False ,E ,15.9 ,4.0 ,0.46 ,False ,False ,False ,-1.49 ,Reduced stability 
17,1RX4.pdb ,A ,I155L ,E ,19.2 ,4.3 ,0.49 ,False ,False ,False ,E ,21.6 ,4.5 ,0.48 ,False ,False ,False ,-0.5 ,Reduced stability 
18,1RX4.pdb ,A ,I155Q ,E ,19.2 ,4.3 ,0.49 ,False ,False ,False ,E ,26.5 ,4.3 ,0.43 ,False ,False ,False ,-1.16 ,Reduced stability 
19,1RX4.pdb ,A ,I155S ,E ,19.2 ,4.3 ,0.49 ,False ,False ,False ,E ,15.6 ,4.2 ,0.46 ,False ,False ,False ,-1.52 ,Reduced stability 
20,1RX4.pdb ,A ,I155T ,E ,19.2 ,4.3 ,0.49 ,False ,False ,False ,E ,12.6 ,4.2 ,0.49 ,False ,False ,False ,-0.8 ,Reduced stability 
1,1RX4.pdb ,A ,I155V ,E ,19.2 ,4.3 ,0.49 ,False ,False ,False ,E ,12.7 ,4.2 ,0.5 ,False ,False ,False ,0.27 ,Increased stability 
2,1RX4.pdb ,A ,I155W ,E ,19.2 ,4.3 ,0.49 ,False ,False ,False ,E ,31.4 ,4.2 ,0.4 ,False ,False ,False ,-0.02 ,Reduced stability 
3,1RX4.pdb ,A ,I155Y ,E ,19.2 ,4.3 ,0.49 ,False ,False ,False ,E ,24.8 ,4.0 ,0.44 ,True ,False ,False ,-0.17 ,Reduced stability 
4,1RX4.pdb ,A ,L24V ,t ,0.5 ,7.3 ,0.52 ,False ,False ,False ,t ,4.7 ,6.8 ,0.5 ,False ,False ,False ,-2.36 ,Reduced stability 
5,1RX4.pdb ,A ,L54V ,p ,8.3 ,5.2 ,0.43 ,False ,False ,False ,p ,7.2 ,5.6 ,0.43 ,False ,False ,False ,-2.43 ,Reduced stability 
6,1RX4.pdb ,A ,N59G ,E ,2.3 ,5.3 ,0.47 ,False ,True ,True ,E ,4.9 ,5.2 ,0.37 ,False ,False ,False ,-1.24 ,Reduced stability 
7,1RX4.pdb ,A ,N59I ,E ,2.3 ,5.3 ,0.47 ,False ,True ,True ,E ,6.1 ,5.9 ,0.52 ,False ,False ,False ,1.11 ,Increased stability 
8,1RX4.pdb ,A ,N59L ,E ,2.3 ,5.3 ,0.47 ,False ,True ,True ,E ,1.8 ,5.8 ,0.53 ,False ,False ,False ,0.59 ,Increased stability 
9,1RX4.pdb ,A ,N59M ,E ,2.3 ,5.3 ,0.47 ,False ,True ,True ,E ,2.4 ,5.9 ,0.55 ,False ,True ,False ,-0.77 ,Reduced stability 
10,1RX4.pdb ,A ,N59P ,E ,2.3 ,5.3 ,0.47 ,False ,True ,True ,a ,9.4 ,5.1 ,0.42 ,False ,False ,False ,-2.82 ,Reduced stability 
11,1RX4.pdb ,A ,N59Q ,E ,2.3 ,5.3 ,0.47 ,False ,True ,True ,E ,0.1 ,6.5 ,0.53 ,True ,True ,False ,-1.34 ,Reduced stability 
12,1RX4.pdb ,A ,N59S ,E ,2.3 ,5.3 ,0.47 ,False ,True ,True ,E ,1.9 ,5.1 ,0.4 ,False ,False ,False ,-1.73 ,Reduced stability 
13,1RX4.pdb ,A ,N59T ,E ,2.3 ,5.3 ,0.47 ,False ,True ,True ,E ,1.3 ,5.3 ,0.46 ,False ,False ,False ,-0.31 ,Reduced stability 
14,1RX4.pdb ,A ,N59V ,E ,2.3 ,5.3 ,0.47 ,False ,True ,True ,E ,2.3 ,5.6 ,0.48 ,False ,False ,False ,1.81 ,Increased stability 
15,1RX4.pdb ,A ,N59W ,E ,2.3 ,5.3 ,0.47 ,False ,True ,True ,E ,38.8 ,4.4 ,0.38 ,False ,False ,True ,-1.58 ,Reduced stability 
16,1RX4.pdb ,A ,P21L ,a ,41.6 ,3.9 ,0.25 ,False ,False ,False ,a ,78.5 ,3.5 ,0.1 ,False ,False ,False ,0.78 ,Increased stability 
17,1RX4.pdb ,A ,S148A ,a ,46.8 ,3.6 ,0.34 ,False ,True ,True ,a ,55.7 ,3.3 ,0.28 ,False ,False ,False ,0.35 ,Increased stability 
18,1RX4.pdb ,A ,S148N ,a ,46.8 ,3.6 ,0.34 ,False ,True ,True ,a ,65.7 ,3.4 ,0.23 ,False ,False ,False ,-0.09 ,Reduced stability 
19,1RX4.pdb ,A ,S148P ,a ,46.8 ,3.6 ,0.34 ,False ,True ,True ,a ,45.2 ,3.8 ,0.3 ,False ,False ,False ,-1.01 ,Reduced stability 
20,1RX4.pdb ,A ,S148T ,a ,46.8 ,3.6 ,0.34 ,False ,True ,True ,a ,49.7 ,3.6 ,0.31 ,False ,False ,False ,0.05 ,Increased stability 
1,1RX4.pdb ,A ,S148V ,a ,46.8 ,3.6 ,0.34 ,False ,True ,True ,a ,64.0 ,3.6 ,0.24 ,False ,False ,False ,0.28 ,Increased stability 
2,1RX4.pdb ,A ,T113V ,E ,1.4 ,7.3 ,0.53 ,True ,False ,False ,E ,0.8 ,7.3 ,0.57 ,False ,False ,False ,2.39 ,Increased stability 
3,1RX4.pdb ,A ,T35A ,H ,0.0 ,7.2 ,0.62 ,False ,False ,True ,H ,0.0 ,7.3 ,0.57 ,False ,False ,False ,1.82 ,Increased stability 
4,1RX4.pdb ,A ,V40A ,E ,0.0 ,8.3 ,0.51 ,False ,False ,False ,E ,0.4 ,8.5 ,0.43 ,False ,False ,False ,-2.85 ,Reduced stability 
5,1RX4.pdb ,A ,V40F ,E ,0.0 ,8.3 ,0.51 ,False ,False ,False ,E ,0.0 ,7.7 ,0.59 ,False ,False ,False ,-1.93 ,Reduced stability 
6,1RX4.pdb ,A ,V40I ,E ,0.0 ,8.3 ,0.51 ,False ,False ,False ,E ,0.0 ,8.1 ,0.54 ,False ,False ,False ,-0.57 ,Reduced stability 
7,1RX4.pdb ,A ,V40L ,E ,0.0 ,8.3 ,0.51 ,False ,False ,False ,E ,0.0 ,8.0 ,0.56 ,False ,False ,False ,-1.38 ,Reduced stability 
8,1RX4.pdb ,A ,V40M ,E ,0.0 ,8.3 ,0.51 ,False ,False ,False ,E ,0.0 ,8.1 ,0.57 ,True ,False ,False ,-1.78 ,Reduced stability 
9,1RX4.pdb ,A ,V40N ,E ,0.0 ,8.3 ,0.51 ,False ,False ,False ,E ,0.2 ,8.1 ,0.48 ,False ,False ,False ,-2.76 ,Reduced stability 
10,1RX4.pdb ,A ,V40S ,E ,0.0 ,8.3 ,0.51 ,False ,False ,False ,E ,0.0 ,8.4 ,0.44 ,False ,False ,False ,-3.94 ,Reduced stability 
11,1RX4.pdb ,A ,V75A ,E ,3.0 ,5.7 ,0.49 ,False ,False ,False ,E ,2.4 ,5.6 ,0.41 ,False ,False ,False ,-2.85 ,Reduced stability 
12,1RX4.pdb ,A ,V75I ,E ,3.0 ,5.7 ,0.49 ,False ,False ,False ,E ,3.0 ,5.9 ,0.54 ,False ,False ,False ,-0.57 ,Reduced stability 
13,1RX4.pdb ,A ,V75S ,E ,3.0 ,5.7 ,0.49 ,False ,False ,False ,E ,2.4 ,6.2 ,0.44 ,False ,False ,True ,-3.79 ,Reduced stability 
14,1RX4.pdb ,A ,V75Y ,E ,3.0 ,5.7 ,0.49 ,False ,False ,False ,E ,2.5 ,6.6 ,0.62 ,False ,False ,False ,-2.32 ,Reduced stability 
15,1RX4.pdb ,A ,V88A ,b ,33.9 ,3.9 ,0.24 ,False ,False ,False ,b ,30.9 ,3.5 ,0.2 ,False ,False ,False ,-1.16 ,Reduced stability 
16,1RX4.pdb ,A ,V88I ,b ,33.9 ,3.9 ,0.24 ,False ,False ,False ,b ,40.3 ,4.1 ,0.26 ,False ,False ,False ,0.08 ,Increased stability 
17,1RX4.pdb ,A ,W22L ,p ,9.2 ,6.1 ,0.44 ,False ,False ,False ,b ,11.6 ,5.9 ,0.39 ,False ,False ,False ,-1.19 ,Reduced stability 
18,1RX4.pdb ,A ,W30A ,H ,8.3 ,5.5 ,0.5 ,False ,False ,False ,H ,10.0 ,5.4 ,0.48 ,False ,False ,False ,-1.18 ,Reduced stability 
19,1RX4.pdb ,A ,W30M ,H ,8.3 ,5.5 ,0.5 ,False ,False ,False ,H ,14.9 ,5.0 ,0.44 ,True ,False ,False ,-0.85 ,Reduced stability 
20,1RX4.pdb ,A ,W30N ,H ,8.3 ,5.5 ,0.5 ,False ,False ,False ,H ,16.4 ,5.3 ,0.47 ,True ,False ,False ,-2.39 ,Reduced stability
1,1RX4.pdb ,A ,W30S ,H ,8.3 ,5.5 ,0.5 ,False ,False ,False ,H ,10.3 ,5.5 ,0.49 ,False ,False ,True ,-1.95 ,Reduced stability 
2,1RX4.pdb ,A ,W30Y ,H ,8.3 ,5.5 ,0.5 ,False ,False ,False ,H ,6.8 ,5.4 ,0.51 ,False ,False ,False ,-1.15 ,Reduced stability 
3,1RX4.pdb ,A ,D122A ,a ,106.3 ,3.3 ,0.14 ,False ,False ,False ,a ,98.2 ,3.1 ,0.17 ,False ,False ,False ,0.02 ,Increased stability 
4,1RX4.pdb ,A ,D27N ,H ,15.3 ,5.5 ,0.43 ,True ,False ,False ,H ,15.8 ,5.5 ,0.44 ,True ,False ,False ,-0.45 ,Reduced stability 
5,1RX4.pdb ,A ,G121D ,b ,38.6 ,3.9 ,0.25 ,False ,False ,False ,b ,27.5 ,4.1 ,0.3 ,True ,False ,False ,-0.98 ,Reduced stability 
6,1RX4.pdb ,A ,G121H ,b ,38.6 ,3.9 ,0.25 ,False ,False ,False ,b ,35.2 ,4.0 ,0.28 ,False ,False ,False ,-0.12 ,Reduced stability 
7,1RX4.pdb ,A ,G67D ,p ,3.4 ,3.8 ,0.39 ,False ,False ,False ,p ,61.8 ,3.5 ,0.3 ,False ,False ,False ,-2.56 ,Reduced stability 
8,1RX4.pdb ,A ,I155D ,E ,19.2 ,4.3 ,0.49 ,False ,False ,False ,E ,17.5 ,4.3 ,0.47 ,False ,False ,False ,-1.82 ,Reduced stability 
9,1RX4.pdb ,A ,I155E ,E ,19.2 ,4.3 ,0.49 ,False ,False ,False ,E ,22.4 ,4.2 ,0.44 ,False ,False ,False ,-0.75 ,Reduced stability 
10,1RX4.pdb ,A ,I155K ,E ,19.2 ,4.3 ,0.49 ,False ,False ,False ,E ,30.4 ,4.5 ,0.39 ,False ,False ,False ,-0.93 ,Reduced stability 
11,1RX4.pdb ,A ,I155R ,E ,19.2 ,4.3 ,0.49 ,False ,False ,False ,E ,36.8 ,4.2 ,0.36 ,True ,False ,False ,-0.58 ,Reduced stability 
12,1RX4.pdb ,A ,L28R ,H ,60.5 ,3.6 ,0.28 ,False ,False ,False ,H ,79.3 ,3.4 ,0.18 ,False ,False ,False ,-0.29 ,Reduced stability 
13,1RX4.pdb ,A ,N59E ,E ,2.3 ,5.3 ,0.47 ,False ,True ,True ,E ,0.2 ,6.5 ,0.54 ,True ,True ,False ,-1.11 ,Reduced stability 
14,1RX4.pdb ,A ,N59H ,E ,2.3 ,5.3 ,0.47 ,False ,True ,True ,E ,0.8 ,6.5 ,0.56 ,True ,True ,False ,-1.11 ,Reduced stability 
15,1RX4.pdb ,A ,N59K ,E ,2.3 ,5.3 ,0.47 ,False ,True ,True ,E ,1.9 ,6.2 ,0.56 ,True ,False ,True ,-1.64 ,Reduced stability 
16,1RX4.pdb ,A ,R44A ,H ,21.7 ,4.0 ,0.41 ,True ,False ,True ,H ,34.2 ,3.9 ,0.38 ,False ,False ,False ,-0.09 ,Reduced stability 
17,1RX4.pdb ,A ,R44L ,H ,21.7 ,4.0 ,0.41 ,True ,False ,True ,H ,40.6 ,4.0 ,0.35 ,False ,False ,False ,0.08 ,Increased stability 
18,1RX4.pdb ,A ,S148E ,a ,46.8 ,3.6 ,0.34 ,False ,True ,True ,a ,67.4 ,3.4 ,0.24 ,False ,False ,True ,0.23 ,Increased stability 
19,1RX4.pdb ,A ,S148K ,a ,46.8 ,3.6 ,0.34 ,False ,True ,True ,a ,67.4 ,3.5 ,0.19 ,False ,False ,False ,-0.38 ,Reduced stability 
20,1RX4.pdb ,A ,S148R ,a ,46.8 ,3.6 ,0.34 ,False ,True ,True ,a ,71.0 ,3.4 ,0.18 ,False ,False ,True ,0.5 ,Increased stability 
1,1RX4.pdb ,A ,V40H ,E ,0.0 ,8.3 ,0.51 ,False ,False ,False ,E ,0.0 ,7.9 ,0.58 ,True ,False ,False ,-2.48 ,Reduced stability 
2,1RX4.pdb ,A ,V40R ,E ,0.0 ,8.3 ,0.51 ,False ,False ,False ,E ,0.0 ,7.9 ,0.61 ,True ,False ,True ,-3.51 ,Reduced stability 
3,1RX4.pdb ,A ,V75H ,E ,3.0 ,5.7 ,0.49 ,False ,False ,False ,E ,22.2 ,4.3 ,0.4 ,True ,False ,False ,-3.08 ,Reduced stability 
4,1RX4.pdb ,A ,V75R ,E ,3.0 ,5.7 ,0.49 ,False ,False ,False ,E ,31.8 ,4.6 ,0.49 ,True ,False ,False ,-4.27 ,Reduced stability 
5,1RX4.pdb ,A ,W30E ,H ,8.3 ,5.5 ,0.5 ,False ,False ,False ,H ,20.3 ,4.9 ,0.46 ,True ,False ,False ,-0.76 ,Reduced stability 
6,1RX4.pdb ,A ,W30H ,H ,8.3 ,5.5 ,0.5 ,False ,False ,False ,H ,7.1 ,5.4 ,0.49 ,True ,False ,False ,-1.14 ,Reduced stability 
7,1RX4.pdb ,A ,W30R ,H ,8.3 ,5.5 ,0.5 ,False ,False ,False ,H ,4.1 ,6.5 ,0.64 ,True ,False ,False ,0.38 ,Increased stability 
8,1RX4.pdb ,A ,E139K ,E ,49.2 ,3.5 ,0.38 ,True ,False ,False ,E ,58.4 ,3.6 ,0.29 ,False ,False ,False ,-0.39 ,Reduced stability 
9,1RX4.pdb ,A ,F31A ,H ,26.4 ,4.2 ,0.4 ,False ,False ,False ,H ,39.4 ,3.8 ,0.4 ,False ,False ,False ,0.97 ,Increased stability 
10,1RX4.pdb ,A ,G121H ,b ,38.6 ,3.9 ,0.25 ,False ,False ,False ,b ,35.2 ,4.0 ,0.28 ,False ,False ,False ,-0.12 ,Reduced stability 
11,1RX4.pdb ,A ,G121Y ,b ,38.6 ,3.9 ,0.25 ,False ,False ,False ,b ,42.2 ,4.0 ,0.26 ,False ,False ,False ,0.02 ,Increased stability 
12,1RX4.pdb ,A ,R44A ,H ,21.7 ,4.0 ,0.41 ,True ,False ,True ,H ,34.2 ,3.9 ,0.38 ,False ,False ,False ,-0.09 ,Reduced stability 
13,1RX4.pdb ,A ,W30A ,H ,8.3 ,5.5 ,0.5 ,False ,False ,False ,H ,10.0 ,5.4 ,0.48 ,False ,False ,False ,-1.18 ,Reduced stability 
14,1RX4.pdb ,A ,F31A ,H ,26.4 ,4.2 ,0.4 ,False ,False ,False ,H ,39.4 ,3.8 ,0.4 ,False ,False ,False ,0.97 ,Increased stability 
15,1RX4.pdb ,A ,F31V ,H ,26.4 ,4.2 ,0.4 ,False ,False ,False ,H ,36.9 ,3.9 ,0.41 ,False ,False ,False ,0.1 ,Increased stability 
16,1RX4.pdb ,A ,G121A ,b ,38.6 ,3.9 ,0.25 ,False ,False ,False ,b ,27.2 ,3.9 ,0.29 ,False ,False ,False ,-0.68 ,Reduced stability 
17,1RX4.pdb ,A ,G121C ,b ,38.6 ,3.9 ,0.25 ,False ,False ,False ,b ,23.7 ,4.0 ,0.29 ,False ,False ,False ,0.3 ,Increased stability 
18,1RX4.pdb ,A ,G121L ,b ,38.6 ,3.9 ,0.25 ,False ,False ,False ,b ,28.1 ,4.2 ,0.32 ,False ,False ,False ,-0.08 ,Reduced stability 
19,1RX4.pdb ,A ,G121S ,b ,38.6 ,3.9 ,0.25 ,False ,False ,False ,b ,26.7 ,3.9 ,0.29 ,False ,False ,False ,-0.59 ,Reduced stability 
20,1RX4.pdb ,A ,G121V ,b ,38.6 ,3.9 ,0.25 ,False ,False ,False ,b ,23.2 ,3.9 ,0.35 ,False ,False ,False ,0.47 ,Increased stability
1,1RX4.pdb ,A ,G121Y ,b ,38.6 ,3.9 ,0.25 ,False ,False ,False ,b ,42.2 ,4.0 ,0.26 ,False ,False ,False ,0.02 ,Increased stability 
2,1RX4.pdb ,A ,G15A ,b ,56.6 ,4.0 ,0.32 ,False ,False ,False ,b ,43.2 ,3.8 ,0.31 ,False ,False ,False ,-0.68 ,Reduced stability 
3,1RX4.pdb ,A ,G43A ,E ,26.1 ,5.1 ,0.48 ,False ,False ,False ,E ,21.2 ,4.0 ,0.49 ,False ,False ,False ,-0.68 ,Reduced stability 
4,1RX4.pdb ,A ,G67A ,p ,3.4 ,3.8 ,0.39 ,False ,False ,False ,p ,43.8 ,3.3 ,0.35 ,False ,False ,False ,-0.44 ,Reduced stability 
5,1RX4.pdb ,A ,G67C ,p ,3.4 ,3.8 ,0.39 ,False ,False ,False ,p ,62.6 ,3.4 ,0.29 ,False ,False ,False ,-0.76 ,Reduced stability 
6,1RX4.pdb ,A ,G67L ,p ,3.4 ,3.8 ,0.39 ,False ,False ,False ,p ,63.9 ,3.6 ,0.24 ,False ,False ,False ,-1.49 ,Reduced stability 
7,1RX4.pdb ,A ,G67S ,p ,3.4 ,3.8 ,0.39 ,False ,False ,False ,p ,41.1 ,3.5 ,0.34 ,False ,False ,False ,-1.76 ,Reduced stability 
8,1RX4.pdb ,A ,G67T ,p ,3.4 ,3.8 ,0.39 ,False ,False ,False ,p ,54.9 ,3.5 ,0.3 ,True ,False ,False ,-1.84 ,Reduced stability 
9,1RX4.pdb ,A ,G67V ,p ,3.4 ,3.8 ,0.39 ,False ,False ,False ,p ,47.3 ,3.5 ,0.33 ,False ,False ,False ,-1.22 ,Reduced stability 
10,1RX4.pdb ,A ,G95A ,e ,2.1 ,5.9 ,0.61 ,False ,False ,False ,b ,15.1 ,4.6 ,0.52 ,False ,False ,False ,-1.81 ,Reduced stability 
11,1RX4.pdb ,A ,I155A ,E ,19.2 ,4.3 ,0.49 ,False ,False ,False ,E ,15.9 ,4.0 ,0.46 ,False ,False ,False ,-1.49 ,Reduced stability 
12,1RX4.pdb ,A ,I155L ,E ,19.2 ,4.3 ,0.49 ,False ,False ,False ,E ,21.6 ,4.5 ,0.48 ,False ,False ,False ,-0.5 ,Reduced stability 
13,1RX4.pdb ,A ,I155Q ,E ,19.2 ,4.3 ,0.49 ,False ,False ,False ,E ,26.5 ,4.3 ,0.43 ,False ,False ,False ,-1.16 ,Reduced stability 
14,1RX4.pdb ,A ,I155S ,E ,19.2 ,4.3 ,0.49 ,False ,False ,False ,E ,15.6 ,4.2 ,0.46 ,False ,False ,False ,-1.52 ,Reduced stability 
15,1RX4.pdb ,A ,I155T ,E ,19.2 ,4.3 ,0.49 ,False ,False ,False ,E ,12.6 ,4.2 ,0.49 ,False ,False ,False ,-0.8 ,Reduced stability 
16,1RX4.pdb ,A ,I155V ,E ,19.2 ,4.3 ,0.49 ,False ,False ,False ,E ,12.7 ,4.2 ,0.5 ,False ,False ,False ,0.27 ,Increased stability 
17,1RX4.pdb ,A ,I155W ,E ,19.2 ,4.3 ,0.49 ,False ,False ,False ,E ,31.4 ,4.2 ,0.4 ,False ,False ,False ,-0.02 ,Reduced stability 
18,1RX4.pdb ,A ,I155Y ,E ,19.2 ,4.3 ,0.49 ,False ,False ,False ,E ,24.8 ,4.0 ,0.44 ,True ,False ,False ,-0.17 ,Reduced stability 
19,1RX4.pdb ,A ,L24V ,t ,0.5 ,7.3 ,0.52 ,False ,False ,False ,t ,4.7 ,6.8 ,0.5 ,False ,False ,False ,-2.36 ,Reduced stability 
20,1RX4.pdb ,A ,L54V ,p ,8.3 ,5.2 ,0.43 ,False ,False ,False ,p ,7.2 ,5.6 ,0.43 ,False ,False ,False ,-2.43 ,Reduced stability 
1,1RX4.pdb ,A ,N59C ,E ,2.3 ,5.3 ,0.47 ,False ,True ,True ,E ,1.0 ,5.6 ,0.46 ,False ,True ,True ,0.44 ,Increased stability 
2,1RX4.pdb ,A ,N59G ,E ,2.3 ,5.3 ,0.47 ,False ,True ,True ,E ,4.9 ,5.2 ,0.37 ,False ,False ,False ,-1.24 ,Reduced stability 
3,1RX4.pdb ,A ,N59I ,E ,2.3 ,5.3 ,0.47 ,False ,True ,True ,E ,6.1 ,5.9 ,0.52 ,False ,False ,False ,1.11 ,Increased stability 
4,1RX4.pdb ,A ,N59L ,E ,2.3 ,5.3 ,0.47 ,False ,True ,True ,E ,1.8 ,5.8 ,0.53 ,False ,False ,False ,0.59 ,Increased stability 
5,1RX4.pdb ,A ,N59M ,E ,2.3 ,5.3 ,0.47 ,False ,True ,True ,E ,2.4 ,5.9 ,0.55 ,False ,True ,False ,-0.77 ,Reduced stability 
6,1RX4.pdb ,A ,N59P ,E ,2.3 ,5.3 ,0.47 ,False ,True ,True ,a ,9.4 ,5.1 ,0.42 ,False ,False ,False ,-2.82 ,Reduced stability 
7,1RX4.pdb ,A ,N59Q ,E ,2.3 ,5.3 ,0.47 ,False ,True ,True ,E ,0.1 ,6.5 ,0.53 ,True ,True ,False ,-1.34 ,Reduced stability 
8,1RX4.pdb ,A ,N59S ,E ,2.3 ,5.3 ,0.47 ,False ,True ,True ,E ,1.9 ,5.1 ,0.4 ,False ,False ,False ,-1.73 ,Reduced stability 
9,1RX4.pdb ,A ,N59T ,E ,2.3 ,5.3 ,0.47 ,False ,True ,True ,E ,1.3 ,5.3 ,0.46 ,False ,False ,False ,-0.31 ,Reduced stability 
10,1RX4.pdb ,A ,N59V ,E ,2.3 ,5.3 ,0.47 ,False ,True ,True ,E ,2.3 ,5.6 ,0.48 ,False ,False ,False ,1.81 ,Increased stability 
11,1RX4.pdb ,A ,N59W ,E ,2.3 ,5.3 ,0.47 ,False ,True ,True ,E ,38.8 ,4.4 ,0.38 ,False ,False ,True ,-1.58 ,Reduced stability 
12,1RX4.pdb ,A ,P21L ,a ,41.6 ,3.9 ,0.25 ,False ,False ,False ,a ,78.5 ,3.5 ,0.1 ,False ,False ,False ,0.78 ,Increased stability 
13,1RX4.pdb ,A ,S148A ,a ,46.8 ,3.6 ,0.34 ,False ,True ,True ,a ,55.7 ,3.3 ,0.28 ,False ,False ,False ,0.35 ,Increased stability 
14,1RX4.pdb ,A ,S148N ,a ,46.8 ,3.6 ,0.34 ,False ,True ,True ,a ,65.7 ,3.4 ,0.23 ,False ,False ,False ,-0.09 ,Reduced stability 
15,1RX4.pdb ,A ,S148P ,a ,46.8 ,3.6 ,0.34 ,False ,True ,True ,a ,45.2 ,3.8 ,0.3 ,False ,False ,False ,-1.01 ,Reduced stability 
16,1RX4.pdb ,A ,S148T ,a ,46.8 ,3.6 ,0.34 ,False ,True ,True ,a ,49.7 ,3.6 ,0.31 ,False ,False ,False ,0.05 ,Increased stability 
17,1RX4.pdb ,A ,S148V ,a ,46.8 ,3.6 ,0.34 ,False ,True ,True ,a ,64.0 ,3.6 ,0.24 ,False ,False ,False ,0.28 ,Increased stability 
18,1RX4.pdb ,A ,T113V ,E ,1.4 ,7.3 ,0.53 ,True ,False ,False ,E ,0.8 ,7.3 ,0.57 ,False ,False ,False ,2.39 ,Increased stability 
19,1RX4.pdb ,A ,T35A ,H ,0.0 ,7.2 ,0.62 ,False ,False ,True ,H ,0.0 ,7.3 ,0.57 ,False ,False ,False ,1.82 ,Increased stability 
20,1RX4.pdb ,A ,V40A ,E ,0.0 ,8.3 ,0.51 ,False ,False ,False ,E ,0.4 ,8.5 ,0.43 ,False ,False ,False ,-2.85 ,Reduced stability 
1,1RX4.pdb ,A ,V40F ,E ,0.0 ,8.3 ,0.51 ,False ,False ,False ,E ,0.0 ,7.7 ,0.59 ,False ,False ,False ,-1.93 ,Reduced stability 
2,1RX4.pdb ,A ,V40I ,E ,0.0 ,8.3 ,0.51 ,False ,False ,False ,E ,0.0 ,8.1 ,0.54 ,False ,False ,False ,-0.57 ,Reduced stability 
3,1RX4.pdb ,A ,V40L ,E ,0.0 ,8.3 ,0.51 ,False ,False ,False ,E ,0.0 ,8.0 ,0.56 ,False ,False ,False ,-1.38 ,Reduced stability 
4,1RX4.pdb ,A ,V40M ,E ,0.0 ,8.3 ,0.51 ,False ,False ,False ,E ,0.0 ,8.1 ,0.57 ,True ,False ,False ,-1.78 ,Reduced stability 
5,1RX4.pdb ,A ,V40N ,E ,0.0 ,8.3 ,0.51 ,False ,False ,False ,E ,0.2 ,8.1 ,0.48 ,False ,False ,False ,-2.76 ,Reduced stability 
6,1RX4.pdb ,A ,V40S ,E ,0.0 ,8.3 ,0.51 ,False ,False ,False ,E ,0.0 ,8.4 ,0.44 ,False ,False ,False ,-3.94 ,Reduced stability 
7,1RX4.pdb ,A ,V75A ,E ,3.0 ,5.7 ,0.49 ,False ,False ,False ,E ,2.4 ,5.6 ,0.41 ,False ,False ,False ,-2.85 ,Reduced stability 
8,1RX4.pdb ,A ,V75C ,E ,3.0 ,5.7 ,0.49 ,False ,False ,False ,E ,4.6 ,5.2 ,0.45 ,False ,False ,False ,-1.36 ,Reduced stability 
9,1RX4.pdb ,A ,V75I ,E ,3.0 ,5.7 ,0.49 ,False ,False ,False ,E ,3.0 ,5.9 ,0.54 ,False ,False ,False ,-0.57 ,Reduced stability 
10,1RX4.pdb ,A ,V75S ,E ,3.0 ,5.7 ,0.49 ,False ,False ,False ,E ,2.4 ,6.2 ,0.44 ,False ,False ,True ,-3.79 ,Reduced stability 
11,1RX4.pdb ,A ,V75Y ,E ,3.0 ,5.7 ,0.49 ,False ,False ,False ,E ,2.5 ,6.6 ,0.62 ,False ,False ,False ,-2.32 ,Reduced stability 
12,1RX4.pdb ,A ,V88A ,b ,33.9 ,3.9 ,0.24 ,False ,False ,False ,b ,30.9 ,3.5 ,0.2 ,False ,False ,False ,-1.16 ,Reduced stability 
13,1RX4.pdb ,A ,V88I ,b ,33.9 ,3.9 ,0.24 ,False ,False ,False ,b ,40.3 ,4.1 ,0.26 ,False ,False ,False ,0.08 ,Increased stability 
14,1RX4.pdb ,A ,W22L ,p ,9.2 ,6.1 ,0.44 ,False ,False ,False ,b ,11.6 ,5.9 ,0.39 ,False ,False ,False ,-1.19 ,Reduced stability 
15,1RX4.pdb ,A ,W30A ,H ,8.3 ,5.5 ,0.5 ,False ,False ,False ,H ,10.0 ,5.4 ,0.48 ,False ,False ,False ,-1.18 ,Reduced stability 
16,1RX4.pdb ,A ,W30M ,H ,8.3 ,5.5 ,0.5 ,False ,False ,False ,H ,14.9 ,5.0 ,0.44 ,True ,False ,False ,-0.85 ,Reduced stability 
17,1RX4.pdb ,A ,W30N ,H ,8.3 ,5.5 ,0.5 ,False ,False ,False ,H ,16.4 ,5.3 ,0.47 ,True ,False ,False ,-2.39 ,Reduced stability 
18,1RX4.pdb ,A ,W30S ,H ,8.3 ,5.5 ,0.5 ,False ,False ,False ,H ,10.3 ,5.5 ,0.49 ,False ,False ,True ,-1.95 ,Reduced stability 
19,1RX4.pdb ,A ,W30Y ,H ,8.3 ,5.5 ,0.5 ,False ,False ,False ,H ,6.8 ,5.4 ,0.51 ,False ,False ,False ,-1.15 ,Reduced stability 
20,1RX4.pdb ,A ,D122A ,a ,106.3 ,3.3 ,0.14 ,False ,False ,False ,a ,98.2 ,3.1 ,0.17 ,False ,False ,False ,0.02 ,Increased stability 
1,1RX4.pdb ,A ,D27N ,H ,15.3 ,5.5 ,0.43 ,True ,False ,False ,H ,15.8 ,5.5 ,0.44 ,True ,False ,False ,-0.45 ,Reduced stability 
2,1RX4.pdb ,A ,G121D ,b ,38.6 ,3.9 ,0.25 ,False ,False ,False ,b ,27.5 ,4.1 ,0.3 ,True ,False ,False ,-0.98 ,Reduced stability 
3,1RX4.pdb ,A ,G121H ,b ,38.6 ,3.9 ,0.25 ,False ,False ,False ,b ,35.2 ,4.0 ,0.28 ,False ,False ,False ,-0.12 ,Reduced stability 
4,1RX4.pdb ,A ,G67D ,p ,3.4 ,3.8 ,0.39 ,False ,False ,False ,p ,61.8 ,3.5 ,0.3 ,False ,False ,False ,-2.56 ,Reduced stability 
5,1RX4.pdb ,A ,I155D ,E ,19.2 ,4.3 ,0.49 ,False ,False ,False ,E ,17.5 ,4.3 ,0.47 ,False ,False ,False ,-1.82 ,Reduced stability 
6,1RX4.pdb ,A ,I155E ,E ,19.2 ,4.3 ,0.49 ,False ,False ,False ,E ,22.4 ,4.2 ,0.44 ,False ,False ,False ,-0.75 ,Reduced stability 
7,1RX4.pdb ,A ,I155K ,E ,19.2 ,4.3 ,0.49 ,False ,False ,False ,E ,30.4 ,4.5 ,0.39 ,False ,False ,False ,-0.93 ,Reduced stability 
8,1RX4.pdb ,A ,I155R ,E ,19.2 ,4.3 ,0.49 ,False ,False ,False ,E ,36.8 ,4.2 ,0.36 ,True ,False ,False ,-0.58 ,Reduced stability 
9,1RX4.pdb ,A ,L28R ,H ,60.5 ,3.6 ,0.28 ,False ,False ,False ,H ,79.3 ,3.4 ,0.18 ,False ,False ,False ,-0.29 ,Reduced stability 
10,1RX4.pdb ,A ,N59E ,E ,2.3 ,5.3 ,0.47 ,False ,True ,True ,E ,0.2 ,6.5 ,0.54 ,True ,True ,False ,-1.11 ,Reduced stability 
11,1RX4.pdb ,A ,N59H ,E ,2.3 ,5.3 ,0.47 ,False ,True ,True ,E ,0.8 ,6.5 ,0.56 ,True ,True ,False ,-1.11 ,Reduced stability 
12,1RX4.pdb ,A ,N59K ,E ,2.3 ,5.3 ,0.47 ,False ,True ,True ,E ,1.9 ,6.2 ,0.56 ,True ,False ,True ,-1.64 ,Reduced stability 
13,1RX4.pdb ,A ,R44A ,H ,21.7 ,4.0 ,0.41 ,True ,False ,True ,H ,34.2 ,3.9 ,0.38 ,False ,False ,False ,-0.09 ,Reduced stability 
14,1RX4.pdb ,A ,R44L ,H ,21.7 ,4.0 ,0.41 ,True ,False ,True ,H ,40.6 ,4.0 ,0.35 ,False ,False ,False ,0.08 ,Increased stability 
15,1RX4.pdb ,A ,S148E ,a ,46.8 ,3.6 ,0.34 ,False ,True ,True ,a ,67.4 ,3.4 ,0.24 ,False ,False ,True ,0.23 ,Increased stability 
16,1RX4.pdb ,A ,S148K ,a ,46.8 ,3.6 ,0.34 ,False ,True ,True ,a ,67.4 ,3.5 ,0.19 ,False ,False ,False ,-0.38 ,Reduced stability 
17,1RX4.pdb ,A ,S148R ,a ,46.8 ,3.6 ,0.34 ,False ,True ,True ,a ,71.0 ,3.4 ,0.18 ,False ,False ,True ,0.5 ,Increased stability 
18,1RX4.pdb ,A ,V40H ,E ,0.0 ,8.3 ,0.51 ,False ,False ,False ,E ,0.0 ,7.9 ,0.58 ,True ,False ,False ,-2.48 ,Reduced stability 
19,1RX4.pdb ,A ,V40R ,E ,0.0 ,8.3 ,0.51 ,False ,False ,False ,E ,0.0 ,7.9 ,0.61 ,True ,False ,True ,-3.51 ,Reduced stability 
20,1RX4.pdb ,A ,V75H ,E ,3.0 ,5.7 ,0.49 ,False ,False ,False ,E ,22.2 ,4.3 ,0.4 ,True ,False ,False ,-3.08 ,Reduced stability
1,1RX4.pdb ,A ,V75R ,E ,3.0 ,5.7 ,0.49 ,False ,False ,False ,E ,31.8 ,4.6 ,0.49 ,True ,False ,False ,-4.27 ,Reduced stability 
2,1RX4.pdb ,A ,W30E ,H ,8.3 ,5.5 ,0.5 ,False ,False ,False ,H ,20.3 ,4.9 ,0.46 ,True ,False ,False ,-0.76 ,Reduced stability 
3,1RX4.pdb ,A ,W30H ,H ,8.3 ,5.5 ,0.5 ,False ,False ,False ,H ,7.1 ,5.4 ,0.49 ,True ,False ,False ,-1.14 ,Reduced stability 
4,1RX4.pdb ,A ,W30R ,H ,8.3 ,5.5 ,0.5 ,False ,False ,False ,H ,4.1 ,6.5 ,0.64 ,True ,False ,False ,0.38 ,Increased stability 
5,1RX4.pdb ,A ,E139K ,E ,49.2 ,3.5 ,0.38 ,True ,False ,False ,E ,58.4 ,3.6 ,0.29 ,False ,False ,False ,-0.39 ,Reduced stability 
6,1RX4.pdb ,A ,F31A ,H ,26.4 ,4.2 ,0.4 ,False ,False ,False ,H ,39.4 ,3.8 ,0.4 ,False ,False ,False ,0.97 ,Increased stability 
7,1RX4.pdb ,A ,F31V ,H ,26.4 ,4.2 ,0.4 ,False ,False ,False ,H ,36.9 ,3.9 ,0.41 ,False ,False ,False ,0.1 ,Increased stability 
8,1RX4.pdb ,A ,G121A ,b ,38.6 ,3.9 ,0.25 ,False ,False ,False ,b ,27.2 ,3.9 ,0.29 ,False ,False ,False ,-0.68 ,Reduced stability 
9,1RX4.pdb ,A ,G121C ,b ,38.6 ,3.9 ,0.25 ,False ,False ,False ,b ,23.7 ,4.0 ,0.29 ,False ,False ,False ,0.3 ,Increased stability 
10,1RX4.pdb ,A ,G121L ,b ,38.6 ,3.9 ,0.25 ,False ,False ,False ,b ,28.1 ,4.2 ,0.32 ,False ,False ,False ,-0.08 ,Reduced stability 
11,1RX4.pdb ,A ,G121S ,b ,38.6 ,3.9 ,0.25 ,False ,False ,False ,b ,26.7 ,3.9 ,0.29 ,False ,False ,False ,-0.59 ,Reduced stability 
12,1RX4.pdb ,A ,G121V ,b ,38.6 ,3.9 ,0.25 ,False ,False ,False ,b ,23.2 ,3.9 ,0.35 ,False ,False ,False ,0.47 ,Increased stability 
13,1RX4.pdb ,A ,G121Y ,b ,38.6 ,3.9 ,0.25 ,False ,False ,False ,b ,42.2 ,4.0 ,0.26 ,False ,False ,False ,0.02 ,Increased stability 
14,1RX4.pdb ,A ,G15A ,b ,56.6 ,4.0 ,0.32 ,False ,False ,False ,b ,43.2 ,3.8 ,0.31 ,False ,False ,False ,-0.68 ,Reduced stability 
15,1RX4.pdb ,A ,G43A ,E ,26.1 ,5.1 ,0.48 ,False ,False ,False ,E ,21.2 ,4.0 ,0.49 ,False ,False ,False ,-0.68 ,Reduced stability 
16,1RX4.pdb ,A ,G67A ,p ,3.4 ,3.8 ,0.39 ,False ,False ,False ,p ,43.8 ,3.3 ,0.35 ,False ,False ,False ,-0.44 ,Reduced stability 
17,1RX4.pdb ,A ,G67C ,p ,3.4 ,3.8 ,0.39 ,False ,False ,False ,p ,62.6 ,3.4 ,0.29 ,False ,False ,False ,-0.76 ,Reduced stability 
18,1RX4.pdb ,A ,G67L ,p ,3.4 ,3.8 ,0.39 ,False ,False ,False ,p ,63.9 ,3.6 ,0.24 ,False ,False ,False ,-1.49 ,Reduced stability 
19,1RX4.pdb ,A ,G67S ,p ,3.4 ,3.8 ,0.39 ,False ,False ,False ,p ,41.1 ,3.5 ,0.34 ,False ,False ,False ,-1.76 ,Reduced stability 
20,1RX4.pdb ,A ,G67T ,p ,3.4 ,3.8 ,0.39 ,False ,False ,False ,p ,54.9 ,3.5 ,0.3 ,True ,False ,False ,-1.84 ,Reduced stability 
1,1RX4.pdb ,A ,G67V ,p ,3.4 ,3.8 ,0.39 ,False ,False ,False ,p ,47.3 ,3.5 ,0.33 ,False ,False ,False ,-1.22 ,Reduced stability 
2,1RX4.pdb ,A ,G95A ,e ,2.1 ,5.9 ,0.61 ,False ,False ,False ,b ,15.1 ,4.6 ,0.52 ,False ,False ,False ,-1.81 ,Reduced stability 
3,1RX4.pdb ,A ,I155A ,E ,19.2 ,4.3 ,0.49 ,False ,False ,False ,E ,15.9 ,4.0 ,0.46 ,False ,False ,False ,-1.49 ,Reduced stability 
4,1RX4.pdb ,A ,I155L ,E ,19.2 ,4.3 ,0.49 ,False ,False ,False ,E ,21.6 ,4.5 ,0.48 ,False ,False ,False ,-0.5 ,Reduced stability 
5,1RX4.pdb ,A ,I155Q ,E ,19.2 ,4.3 ,0.49 ,False ,False ,False ,E ,26.5 ,4.3 ,0.43 ,False ,False ,False ,-1.16 ,Reduced stability 
6,1RX4.pdb ,A ,I155S ,E ,19.2 ,4.3 ,0.49 ,False ,False ,False ,E ,15.6 ,4.2 ,0.46 ,False ,False ,False ,-1.52 ,Reduced stability 
7,1RX4.pdb ,A ,I155T ,E ,19.2 ,4.3 ,0.49 ,False ,False ,False ,E ,12.6 ,4.2 ,0.49 ,False ,False ,False ,-0.8 ,Reduced stability 
8,1RX4.pdb ,A ,I155V ,E ,19.2 ,4.3 ,0.49 ,False ,False ,False ,E ,12.7 ,4.2 ,0.5 ,False ,False ,False ,0.27 ,Increased stability 
9,1RX4.pdb ,A ,I155W ,E ,19.2 ,4.3 ,0.49 ,False ,False ,False ,E ,31.4 ,4.2 ,0.4 ,False ,False ,False ,-0.02 ,Reduced stability 
10,1RX4.pdb ,A ,I155Y ,E ,19.2 ,4.3 ,0.49 ,False ,False ,False ,E ,24.8 ,4.0 ,0.44 ,True ,False ,False ,-0.17 ,Reduced stability 
11,1RX4.pdb ,A ,L24V ,t ,0.5 ,7.3 ,0.52 ,False ,False ,False ,t ,4.7 ,6.8 ,0.5 ,False ,False ,False ,-2.36 ,Reduced stability 
12,1RX4.pdb ,A ,L54V ,p ,8.3 ,5.2 ,0.43 ,False ,False ,False ,p ,7.2 ,5.6 ,0.43 ,False ,False ,False ,-2.43 ,Reduced stability 
13,1RX4.pdb ,A ,N59C ,E ,2.3 ,5.3 ,0.47 ,False ,True ,True ,E ,1.0 ,5.6 ,0.46 ,False ,True ,True ,0.44 ,Increased stability 
14,1RX4.pdb ,A ,N59G ,E ,2.3 ,5.3 ,0.47 ,False ,True ,True ,E ,4.9 ,5.2 ,0.37 ,False ,False ,False ,-1.24 ,Reduced stability 
15,1RX4.pdb ,A ,N59I ,E ,2.3 ,5.3 ,0.47 ,False ,True ,True ,E ,6.1 ,5.9 ,0.52 ,False ,False ,False ,1.11 ,Increased stability 
16,1RX4.pdb ,A ,N59L ,E ,2.3 ,5.3 ,0.47 ,False ,True ,True ,E ,1.8 ,5.8 ,0.53 ,False ,False ,False ,0.59 ,Increased stability 
17,1RX4.pdb ,A ,N59M ,E ,2.3 ,5.3 ,0.47 ,False ,True ,True ,E ,2.4 ,5.9 ,0.55 ,False ,True ,False ,-0.77 ,Reduced stability 
18,1RX4.pdb ,A ,N59P ,E ,2.3 ,5.3 ,0.47 ,False ,True ,True ,a ,9.4 ,5.1 ,0.42 ,False ,False ,False ,-2.82 ,Reduced stability 
19,1RX4.pdb ,A ,N59Q ,E ,2.3 ,5.3 ,0.47 ,False ,True ,True ,E ,0.1 ,6.5 ,0.53 ,True ,True ,False ,-1.34 ,Reduced stability 
20,1RX4.pdb ,A ,N59S ,E ,2.3 ,5.3 ,0.47 ,False ,True ,True ,E ,1.9 ,5.1 ,0.4 ,False ,False ,False ,-1.73 ,Reduced stability 
1,1RX4.pdb ,A ,N59T ,E ,2.3 ,5.3 ,0.47 ,False ,True ,True ,E ,1.3 ,5.3 ,0.46 ,False ,False ,False ,-0.31 ,Reduced stability 
2,1RX4.pdb ,A ,N59V ,E ,2.3 ,5.3 ,0.47 ,False ,True ,True ,E ,2.3 ,5.6 ,0.48 ,False ,False ,False ,1.81 ,Increased stability 
3,1RX4.pdb ,A ,N59W ,E ,2.3 ,5.3 ,0.47 ,False ,True ,True ,E ,38.8 ,4.4 ,0.38 ,False ,False ,True ,-1.58 ,Reduced stability 
4,1RX4.pdb ,A ,P21L ,a ,41.6 ,3.9 ,0.25 ,False ,False ,False ,a ,78.5 ,3.5 ,0.1 ,False ,False ,False ,0.78 ,Increased stability 
5,1RX4.pdb ,A ,S148A ,a ,46.8 ,3.6 ,0.34 ,False ,True ,True ,a ,55.7 ,3.3 ,0.28 ,False ,False ,False ,0.35 ,Increased stability 
6,1RX4.pdb ,A ,S148N ,a ,46.8 ,3.6 ,0.34 ,False ,True ,True ,a ,65.7 ,3.4 ,0.23 ,False ,False ,False ,-0.09 ,Reduced stability 
7,1RX4.pdb ,A ,S148P ,a ,46.8 ,3.6 ,0.34 ,False ,True ,True ,a ,45.2 ,3.8 ,0.3 ,False ,False ,False ,-1.01 ,Reduced stability 
8,1RX4.pdb ,A ,S148T ,a ,46.8 ,3.6 ,0.34 ,False ,True ,True ,a ,49.7 ,3.6 ,0.31 ,False ,False ,False ,0.05 ,Increased stability 
9,1RX4.pdb ,A ,S148V ,a ,46.8 ,3.6 ,0.34 ,False ,True ,True ,a ,64.0 ,3.6 ,0.24 ,False ,False ,False ,0.28 ,Increased stability 
10,1RX4.pdb ,A ,T113V ,E ,1.4 ,7.3 ,0.53 ,True ,False ,False ,E ,0.8 ,7.3 ,0.57 ,False ,False ,False ,2.39 ,Increased stability 
11,1RX4.pdb ,A ,T35A ,H ,0.0 ,7.2 ,0.62 ,False ,False ,True ,H ,0.0 ,7.3 ,0.57 ,False ,False ,False ,1.82 ,Increased stability 
12,1RX4.pdb ,A ,V40A ,E ,0.0 ,8.3 ,0.51 ,False ,False ,False ,E ,0.4 ,8.5 ,0.43 ,False ,False ,False ,-2.85 ,Reduced stability 
13,1RX4.pdb ,A ,V40F ,E ,0.0 ,8.3 ,0.51 ,False ,False ,False ,E ,0.0 ,7.7 ,0.59 ,False ,False ,False ,-1.93 ,Reduced stability 
14,1RX4.pdb ,A ,V40I ,E ,0.0 ,8.3 ,0.51 ,False ,False ,False ,E ,0.0 ,8.1 ,0.54 ,False ,False ,False ,-0.57 ,Reduced stability 
15,1RX4.pdb ,A ,V40L ,E ,0.0 ,8.3 ,0.51 ,False ,False ,False ,E ,0.0 ,8.0 ,0.56 ,False ,False ,False ,-1.38 ,Reduced stability 
16,1RX4.pdb ,A ,V40M ,E ,0.0 ,8.3 ,0.51 ,False ,False ,False ,E ,0.0 ,8.1 ,0.57 ,True ,False ,False ,-1.78 ,Reduced stability 
17,1RX4.pdb ,A ,V40N ,E ,0.0 ,8.3 ,0.51 ,False ,False ,False ,E ,0.2 ,8.1 ,0.48 ,False ,False ,False ,-2.76 ,Reduced stability 
18,1RX4.pdb ,A ,V40S ,E ,0.0 ,8.3 ,0.51 ,False ,False ,False ,E ,0.0 ,8.4 ,0.44 ,False ,False ,False ,-3.94 ,Reduced stability 
19,1RX4.pdb ,A ,V75A ,E ,3.0 ,5.7 ,0.49 ,False ,False ,False ,E ,2.4 ,5.6 ,0.41 ,False ,False ,False ,-2.85 ,Reduced stability 
20,1RX4.pdb ,A ,V75C ,E ,3.0 ,5.7 ,0.49 ,False ,False ,False ,E ,4.6 ,5.2 ,0.45 ,False ,False ,False ,-1.36 ,Reduced stability 
1,1RX4.pdb ,A ,V75I ,E ,3.0 ,5.7 ,0.49 ,False ,False ,False ,E ,3.0 ,5.9 ,0.54 ,False ,False ,False ,-0.57 ,Reduced stability 
2,1RX4.pdb ,A ,V75S ,E ,3.0 ,5.7 ,0.49 ,False ,False ,False ,E ,2.4 ,6.2 ,0.44 ,False ,False ,True ,-3.79 ,Reduced stability 
3,1RX4.pdb ,A ,V75Y ,E ,3.0 ,5.7 ,0.49 ,False ,False ,False ,E ,2.5 ,6.6 ,0.62 ,False ,False ,False ,-2.32 ,Reduced stability 
4,1RX4.pdb ,A ,V88A ,b ,33.9 ,3.9 ,0.24 ,False ,False ,False ,b ,30.9 ,3.5 ,0.2 ,False ,False ,False ,-1.16 ,Reduced stability 
5,1RX4.pdb ,A ,V88I ,b ,33.9 ,3.9 ,0.24 ,False ,False ,False ,b ,40.3 ,4.1 ,0.26 ,False ,False ,False ,0.08 ,Increased stability 
6,1RX4.pdb ,A ,W22L ,p ,9.2 ,6.1 ,0.44 ,False ,False ,False ,b ,11.6 ,5.9 ,0.39 ,False ,False ,False ,-1.19 ,Reduced stability 
7,1RX4.pdb ,A ,W30A ,H ,8.3 ,5.5 ,0.5 ,False ,False ,False ,H ,10.0 ,5.4 ,0.48 ,False ,False ,False ,-1.18 ,Reduced stability 
8,1RX4.pdb ,A ,W30M ,H ,8.3 ,5.5 ,0.5 ,False ,False ,False ,H ,14.9 ,5.0 ,0.44 ,True ,False ,False ,-0.85 ,Reduced stability 
9,1RX4.pdb ,A ,W30N ,H ,8.3 ,5.5 ,0.5 ,False ,False ,False ,H ,16.4 ,5.3 ,0.47 ,True ,False ,False ,-2.39 ,Reduced stability 
10,1RX4.pdb ,A ,W30S ,H ,8.3 ,5.5 ,0.5 ,False ,False ,False ,H ,10.3 ,5.5 ,0.49 ,False ,False ,True ,-1.95 ,Reduced stability 
11,1RX4.pdb ,A ,W30Y ,H ,8.3 ,5.5 ,0.5 ,False ,False ,False ,H ,6.8 ,5.4 ,0.51 ,False ,False ,False ,-1.15 ,Reduced stability 
12,1RX4.pdb ,A ,D122A ,a ,106.3 ,3.3 ,0.14 ,False ,False ,False ,a ,98.2 ,3.1 ,0.17 ,False ,False ,False ,0.02 ,Increased stability 
13,1RX4.pdb ,A ,D27N ,H ,15.3 ,5.5 ,0.43 ,True ,False ,False ,H ,15.8 ,5.5 ,0.44 ,True ,False ,False ,-0.45 ,Reduced stability 
14,1RX4.pdb ,A ,G121D ,b ,38.6 ,3.9 ,0.25 ,False ,False ,False ,b ,27.5 ,4.1 ,0.3 ,True ,False ,False ,-0.98 ,Reduced stability 
15,1RX4.pdb ,A ,G121H ,b ,38.6 ,3.9 ,0.25 ,False ,False ,False ,b ,35.2 ,4.0 ,0.28 ,False ,False ,False ,-0.12 ,Reduced stability 
16,1RX4.pdb ,A ,G67D ,p ,3.4 ,3.8 ,0.39 ,False ,False ,False ,p ,61.8 ,3.5 ,0.3 ,False ,False ,False ,-2.56 ,Reduced stability 
17,1RX4.pdb ,A ,I155D ,E ,19.2 ,4.3 ,0.49 ,False ,False ,False ,E ,17.5 ,4.3 ,0.47 ,False ,False ,False ,-1.82 ,Reduced stability 
18,1RX4.pdb ,A ,I155E ,E ,19.2 ,4.3 ,0.49 ,False ,False ,False ,E ,22.4 ,4.2 ,0.44 ,False ,False ,False ,-0.75 ,Reduced stability 
19,1RX4.pdb ,A ,I155K ,E ,19.2 ,4.3 ,0.49 ,False ,False ,False ,E ,30.4 ,4.5 ,0.39 ,False ,False ,False ,-0.93 ,Reduced stability 
20,1RX4.pdb ,A ,I155R ,E ,19.2 ,4.3 ,0.49 ,False ,False ,False ,E ,36.8 ,4.2 ,0.36 ,True ,False ,False ,-0.58 ,Reduced stability 
1,1RX4.pdb ,A ,L28R ,H ,60.5 ,3.6 ,0.28 ,False ,False ,False ,H ,79.3 ,3.4 ,0.18 ,False ,False ,False ,-0.29 ,Reduced stability 
2,1RX4.pdb ,A ,N59E ,E ,2.3 ,5.3 ,0.47 ,False ,True ,True ,E ,0.2 ,6.5 ,0.54 ,True ,True ,False ,-1.11 ,Reduced stability 
3,1RX4.pdb ,A ,N59H ,E ,2.3 ,5.3 ,0.47 ,False ,True ,True ,E ,0.8 ,6.5 ,0.56 ,True ,True ,False ,-1.11 ,Reduced stability 
4,1RX4.pdb ,A ,N59K ,E ,2.3 ,5.3 ,0.47 ,False ,True ,True ,E ,1.9 ,6.2 ,0.56 ,True ,False ,True ,-1.64 ,Reduced stability 
5,1RX4.pdb ,A ,R44A ,H ,21.7 ,4.0 ,0.41 ,True ,False ,True ,H ,34.2 ,3.9 ,0.38 ,False ,False ,False ,-0.09 ,Reduced stability 
6,1RX4.pdb ,A ,R44L ,H ,21.7 ,4.0 ,0.41 ,True ,False ,True ,H ,40.6 ,4.0 ,0.35 ,False ,False ,False ,0.08 ,Increased stability 
7,1RX4.pdb ,A ,S148E ,a ,46.8 ,3.6 ,0.34 ,False ,True ,True ,a ,67.4 ,3.4 ,0.24 ,False ,False ,True ,0.23 ,Increased stability 
8,1RX4.pdb ,A ,S148K ,a ,46.8 ,3.6 ,0.34 ,False ,True ,True ,a ,67.4 ,3.5 ,0.19 ,False ,False ,False ,-0.38 ,Reduced stability 
9,1RX4.pdb ,A ,S148R ,a ,46.8 ,3.6 ,0.34 ,False ,True ,True ,a ,71.0 ,3.4 ,0.18 ,False ,False ,True ,0.5 ,Increased stability 
10,1RX4.pdb ,A ,V40H ,E ,0.0 ,8.3 ,0.51 ,False ,False ,False ,E ,0.0 ,7.9 ,0.58 ,True ,False ,False ,-2.48 ,Reduced stability 
11,1RX4.pdb ,A ,V40R ,E ,0.0 ,8.3 ,0.51 ,False ,False ,False ,E ,0.0 ,7.9 ,0.61 ,True ,False ,True ,-3.51 ,Reduced stability 
12,1RX4.pdb ,A ,V75H ,E ,3.0 ,5.7 ,0.49 ,False ,False ,False ,E ,22.2 ,4.3 ,0.4 ,True ,False ,False ,-3.08 ,Reduced stability 
13,1RX4.pdb ,A ,V75R ,E ,3.0 ,5.7 ,0.49 ,False ,False ,False ,E ,31.8 ,4.6 ,0.49 ,True ,False ,False ,-4.27 ,Reduced stability 
14,1RX4.pdb ,A ,W30E ,H ,8.3 ,5.5 ,0.5 ,False ,False ,False ,H ,20.3 ,4.9 ,0.46 ,True ,False ,False ,-0.76 ,Reduced stability 
15,1RX4.pdb ,A ,W30H ,H ,8.3 ,5.5 ,0.5 ,False ,False ,False ,H ,7.1 ,5.4 ,0.49 ,True ,False ,False ,-1.14 ,Reduced stability 
16,1RX4.pdb ,A ,W30R ,H ,8.3 ,5.5 ,0.5 ,False ,False ,False ,H ,4.1 ,6.5 ,0.64 ,True ,False ,False ,0.38 ,Increased stability 
17,1RX4.pdb ,A ,E139K ,E ,49.2 ,3.5 ,0.38 ,True ,False ,False ,E ,58.4 ,3.6 ,0.29 ,False ,False ,False ,-0.39 ,Reduced stability 
18,1RX4.pdb ,A ,E139Q ,E ,49.2 ,3.5 ,0.38 ,True ,False ,False ,E ,62.3 ,3.6 ,0.33 ,True ,False ,False ,-0.27 ,Reduced stability 
19,1RX4.pdb ,A ,P66A ,p ,83.1 ,3.1 ,0.14 ,False ,False ,False ,p ,94.4 ,3.1 ,0.14 ,False ,False ,False ,-0.36 ,Reduced stability 
20,1RX4.pdb ,A ,W74F ,E ,14.5 ,5.0 ,0.41 ,False ,False ,True ,E ,16.6 ,4.8 ,0.37 ,False ,False ,False ,-1.54 ,Reduced stability
1,1RX4.pdb ,A ,F31A ,H ,26.4 ,4.2 ,0.4 ,False ,False ,False ,H ,39.4 ,3.8 ,0.4 ,False ,False ,False ,0.97 ,Increased stability 
2,1RX4.pdb ,A ,F31V ,H ,26.4 ,4.2 ,0.4 ,False ,False ,False ,H ,36.9 ,3.9 ,0.41 ,False ,False ,False ,0.1 ,Increased stability 
3,1RX4.pdb ,A ,G121A ,b ,38.6 ,3.9 ,0.25 ,False ,False ,False ,b ,27.2 ,3.9 ,0.29 ,False ,False ,False ,-0.68 ,Reduced stability 
4,1RX4.pdb ,A ,G121C ,b ,38.6 ,3.9 ,0.25 ,False ,False ,False ,b ,23.7 ,4.0 ,0.29 ,False ,False ,False ,0.3 ,Increased stability 
5,1RX4.pdb ,A ,G121L ,b ,38.6 ,3.9 ,0.25 ,False ,False ,False ,b ,28.1 ,4.2 ,0.32 ,False ,False ,False ,-0.08 ,Reduced stability 
6,1RX4.pdb ,A ,G121S ,b ,38.6 ,3.9 ,0.25 ,False ,False ,False ,b ,26.7 ,3.9 ,0.29 ,False ,False ,False ,-0.59 ,Reduced stability 
7,1RX4.pdb ,A ,G121V ,b ,38.6 ,3.9 ,0.25 ,False ,False ,False ,b ,23.2 ,3.9 ,0.35 ,False ,False ,False ,0.47 ,Increased stability 
8,1RX4.pdb ,A ,G121Y ,b ,38.6 ,3.9 ,0.25 ,False ,False ,False ,b ,42.2 ,4.0 ,0.26 ,False ,False ,False ,0.02 ,Increased stability 
9,1RX4.pdb ,A ,G15A ,b ,56.6 ,4.0 ,0.32 ,False ,False ,False ,b ,43.2 ,3.8 ,0.31 ,False ,False ,False ,-0.68 ,Reduced stability 
10,1RX4.pdb ,A ,G43A ,E ,26.1 ,5.1 ,0.48 ,False ,False ,False ,E ,21.2 ,4.0 ,0.49 ,False ,False ,False ,-0.68 ,Reduced stability 
11,1RX4.pdb ,A ,G67A ,p ,3.4 ,3.8 ,0.39 ,False ,False ,False ,p ,43.8 ,3.3 ,0.35 ,False ,False ,False ,-0.44 ,Reduced stability 
12,1RX4.pdb ,A ,G67C ,p ,3.4 ,3.8 ,0.39 ,False ,False ,False ,p ,62.6 ,3.4 ,0.29 ,False ,False ,False ,-0.76 ,Reduced stability 
13,1RX4.pdb ,A ,G67L ,p ,3.4 ,3.8 ,0.39 ,False ,False ,False ,p ,63.9 ,3.6 ,0.24 ,False ,False ,False ,-1.49 ,Reduced stability 
14,1RX4.pdb ,A ,G67S ,p ,3.4 ,3.8 ,0.39 ,False ,False ,False ,p ,41.1 ,3.5 ,0.34 ,False ,False ,False ,-1.76 ,Reduced stability 
15,1RX4.pdb ,A ,G67T ,p ,3.4 ,3.8 ,0.39 ,False ,False ,False ,p ,54.9 ,3.5 ,0.3 ,True ,False ,False ,-1.84 ,Reduced stability 
16,1RX4.pdb ,A ,G67V ,p ,3.4 ,3.8 ,0.39 ,False ,False ,False ,p ,47.3 ,3.5 ,0.33 ,False ,False ,False ,-1.22 ,Reduced stability 
17,1RX4.pdb ,A ,G95A ,e ,2.1 ,5.9 ,0.61 ,False ,False ,False ,b ,15.1 ,4.6 ,0.52 ,False ,False ,False ,-1.81 ,Reduced stability 
18,1RX4.pdb ,A ,I155A ,E ,19.2 ,4.3 ,0.49 ,False ,False ,False ,E ,15.9 ,4.0 ,0.46 ,False ,False ,False ,-1.49 ,Reduced stability 
19,1RX4.pdb ,A ,I155L ,E ,19.2 ,4.3 ,0.49 ,False ,False ,False ,E ,21.6 ,4.5 ,0.48 ,False ,False ,False ,-0.5 ,Reduced stability 
20,1RX4.pdb ,A ,I155Q ,E ,19.2 ,4.3 ,0.49 ,False ,False ,False ,E ,26.5 ,4.3 ,0.43 ,False ,False ,False ,-1.16 ,Reduced stability 
1,1RX4.pdb ,A ,I155S ,E ,19.2 ,4.3 ,0.49 ,False ,False ,False ,E ,15.6 ,4.2 ,0.46 ,False ,False ,False ,-1.52 ,Reduced stability 
2,1RX4.pdb ,A ,I155T ,E ,19.2 ,4.3 ,0.49 ,False ,False ,False ,E ,12.6 ,4.2 ,0.49 ,False ,False ,False ,-0.8 ,Reduced stability 
3,1RX4.pdb ,A ,I155V ,E ,19.2 ,4.3 ,0.49 ,False ,False ,False ,E ,12.7 ,4.2 ,0.5 ,False ,False ,False ,0.27 ,Increased stability 
4,1RX4.pdb ,A ,I155W ,E ,19.2 ,4.3 ,0.49 ,False ,False ,False ,E ,31.4 ,4.2 ,0.4 ,False ,False ,False ,-0.02 ,Reduced stability 
5,1RX4.pdb ,A ,I155Y ,E ,19.2 ,4.3 ,0.49 ,False ,False ,False ,E ,24.8 ,4.0 ,0.44 ,True ,False ,False ,-0.17 ,Reduced stability 
6,1RX4.pdb ,A ,L24V ,t ,0.5 ,7.3 ,0.52 ,False ,False ,False ,t ,4.7 ,6.8 ,0.5 ,False ,False ,False ,-2.36 ,Reduced stability 
7,1RX4.pdb ,A ,L54V ,p ,8.3 ,5.2 ,0.43 ,False ,False ,False ,p ,7.2 ,5.6 ,0.43 ,False ,False ,False ,-2.43 ,Reduced stability 
8,1RX4.pdb ,A ,N59C ,E ,2.3 ,5.3 ,0.47 ,False ,True ,True ,E ,1.0 ,5.6 ,0.46 ,False ,True ,True ,0.44 ,Increased stability 
9,1RX4.pdb ,A ,N59G ,E ,2.3 ,5.3 ,0.47 ,False ,True ,True ,E ,4.9 ,5.2 ,0.37 ,False ,False ,False ,-1.24 ,Reduced stability 
10,1RX4.pdb ,A ,N59I ,E ,2.3 ,5.3 ,0.47 ,False ,True ,True ,E ,6.1 ,5.9 ,0.52 ,False ,False ,False ,1.11 ,Increased stability 
11,1RX4.pdb ,A ,N59L ,E ,2.3 ,5.3 ,0.47 ,False ,True ,True ,E ,1.8 ,5.8 ,0.53 ,False ,False ,False ,0.59 ,Increased stability 
12,1RX4.pdb ,A ,N59M ,E ,2.3 ,5.3 ,0.47 ,False ,True ,True ,E ,2.4 ,5.9 ,0.55 ,False ,True ,False ,-0.77 ,Reduced stability 
13,1RX4.pdb ,A ,N59P ,E ,2.3 ,5.3 ,0.47 ,False ,True ,True ,a ,9.4 ,5.1 ,0.42 ,False ,False ,False ,-2.82 ,Reduced stability 
14,1RX4.pdb ,A ,N59Q ,E ,2.3 ,5.3 ,0.47 ,False ,True ,True ,E ,0.1 ,6.5 ,0.53 ,True ,True ,False ,-1.34 ,Reduced stability 
15,1RX4.pdb ,A ,N59S ,E ,2.3 ,5.3 ,0.47 ,False ,True ,True ,E ,1.9 ,5.1 ,0.4 ,False ,False ,False ,-1.73 ,Reduced stability 
16,1RX4.pdb ,A ,N59T ,E ,2.3 ,5.3 ,0.47 ,False ,True ,True ,E ,1.3 ,5.3 ,0.46 ,False ,False ,False ,-0.31 ,Reduced stability 
17,1RX4.pdb ,A ,N59V ,E ,2.3 ,5.3 ,0.47 ,False ,True ,True ,E ,2.3 ,5.6 ,0.48 ,False ,False ,False ,1.81 ,Increased stability 
18,1RX4.pdb ,A ,N59W ,E ,2.3 ,5.3 ,0.47 ,False ,True ,True ,E ,38.8 ,4.4 ,0.38 ,False ,False ,True ,-1.58 ,Reduced stability 
19,1RX4.pdb ,A ,P21L ,a ,41.6 ,3.9 ,0.25 ,False ,False ,False ,a ,78.5 ,3.5 ,0.1 ,False ,False ,False ,0.78 ,Increased stability 
20,1RX4.pdb ,A ,S148A ,a ,46.8 ,3.6 ,0.34 ,False ,True ,True ,a ,55.7 ,3.3 ,0.28 ,False ,False ,False ,0.35 ,Increased stability 
1,1RX4.pdb ,A ,S148N ,a ,46.8 ,3.6 ,0.34 ,False ,True ,True ,a ,65.7 ,3.4 ,0.23 ,False ,False ,False ,-0.09 ,Reduced stability 
2,1RX4.pdb ,A ,S148P ,a ,46.8 ,3.6 ,0.34 ,False ,True ,True ,a ,45.2 ,3.8 ,0.3 ,False ,False ,False ,-1.01 ,Reduced stability 
3,1RX4.pdb ,A ,S148T ,a ,46.8 ,3.6 ,0.34 ,False ,True ,True ,a ,49.7 ,3.6 ,0.31 ,False ,False ,False ,0.05 ,Increased stability 
4,1RX4.pdb ,A ,S148V ,a ,46.8 ,3.6 ,0.34 ,False ,True ,True ,a ,64.0 ,3.6 ,0.24 ,False ,False ,False ,0.28 ,Increased stability 
5,1RX4.pdb ,A ,T113V ,E ,1.4 ,7.3 ,0.53 ,True ,False ,False ,E ,0.8 ,7.3 ,0.57 ,False ,False ,False ,2.39 ,Increased stability 
6,1RX4.pdb ,A ,T35A ,H ,0.0 ,7.2 ,0.62 ,False ,False ,True ,H ,0.0 ,7.3 ,0.57 ,False ,False ,False ,1.82 ,Increased stability 
7,1RX4.pdb ,A ,V40A ,E ,0.0 ,8.3 ,0.51 ,False ,False ,False ,E ,0.4 ,8.5 ,0.43 ,False ,False ,False ,-2.85 ,Reduced stability 
8,1RX4.pdb ,A ,V40F ,E ,0.0 ,8.3 ,0.51 ,False ,False ,False ,E ,0.0 ,7.7 ,0.59 ,False ,False ,False ,-1.93 ,Reduced stability 
9,1RX4.pdb ,A ,V40I ,E ,0.0 ,8.3 ,0.51 ,False ,False ,False ,E ,0.0 ,8.1 ,0.54 ,False ,False ,False ,-0.57 ,Reduced stability 
10,1RX4.pdb ,A ,V40L ,E ,0.0 ,8.3 ,0.51 ,False ,False ,False ,E ,0.0 ,8.0 ,0.56 ,False ,False ,False ,-1.38 ,Reduced stability 
11,1RX4.pdb ,A ,V40M ,E ,0.0 ,8.3 ,0.51 ,False ,False ,False ,E ,0.0 ,8.1 ,0.57 ,True ,False ,False ,-1.78 ,Reduced stability 
12,1RX4.pdb ,A ,V40N ,E ,0.0 ,8.3 ,0.51 ,False ,False ,False ,E ,0.2 ,8.1 ,0.48 ,False ,False ,False ,-2.76 ,Reduced stability 
13,1RX4.pdb ,A ,V40S ,E ,0.0 ,8.3 ,0.51 ,False ,False ,False ,E ,0.0 ,8.4 ,0.44 ,False ,False ,False ,-3.94 ,Reduced stability 
14,1RX4.pdb ,A ,V75A ,E ,3.0 ,5.7 ,0.49 ,False ,False ,False ,E ,2.4 ,5.6 ,0.41 ,False ,False ,False ,-2.85 ,Reduced stability 
15,1RX4.pdb ,A ,V75C ,E ,3.0 ,5.7 ,0.49 ,False ,False ,False ,E ,4.6 ,5.2 ,0.45 ,False ,False ,False ,-1.36 ,Reduced stability 
16,1RX4.pdb ,A ,V75I ,E ,3.0 ,5.7 ,0.49 ,False ,False ,False ,E ,3.0 ,5.9 ,0.54 ,False ,False ,False ,-0.57 ,Reduced stability 
17,1RX4.pdb ,A ,V75S ,E ,3.0 ,5.7 ,0.49 ,False ,False ,False ,E ,2.4 ,6.2 ,0.44 ,False ,False ,True ,-3.79 ,Reduced stability 
18,1RX4.pdb ,A ,V75Y ,E ,3.0 ,5.7 ,0.49 ,False ,False ,False ,E ,2.5 ,6.6 ,0.62 ,False ,False ,False ,-2.32 ,Reduced stability 
19,1RX4.pdb ,A ,V88A ,b ,33.9 ,3.9 ,0.24 ,False ,False ,False ,b ,30.9 ,3.5 ,0.2 ,False ,False ,False ,-1.16 ,Reduced stability 
20,1RX4.pdb ,A ,V88I ,b ,33.9 ,3.9 ,0.24 ,False ,False ,False ,b ,40.3 ,4.1 ,0.26 ,False ,False ,False ,0.08 ,Increased stability 
1,1RX4.pdb ,A ,W22L ,p ,9.2 ,6.1 ,0.44 ,False ,False ,False ,b ,11.6 ,5.9 ,0.39 ,False ,False ,False ,-1.19 ,Reduced stability 
2,1RX4.pdb ,A ,W30A ,H ,8.3 ,5.5 ,0.5 ,False ,False ,False ,H ,10.0 ,5.4 ,0.48 ,False ,False ,False ,-1.18 ,Reduced stability 
3,1RX4.pdb ,A ,W30M ,H ,8.3 ,5.5 ,0.5 ,False ,False ,False ,H ,14.9 ,5.0 ,0.44 ,True ,False ,False ,-0.85 ,Reduced stability 
4,1RX4.pdb ,A ,W30N ,H ,8.3 ,5.5 ,0.5 ,False ,False ,False ,H ,16.4 ,5.3 ,0.47 ,True ,False ,False ,-2.39 ,Reduced stability 
5,1RX4.pdb ,A ,W30S ,H ,8.3 ,5.5 ,0.5 ,False ,False ,False ,H ,10.3 ,5.5 ,0.49 ,False ,False ,True ,-1.95 ,Reduced stability 
6,1RX4.pdb ,A ,W30Y ,H ,8.3 ,5.5 ,0.5 ,False ,False ,False ,H ,6.8 ,5.4 ,0.51 ,False ,False ,False ,-1.15 ,Reduced stability 
7,1RX4.pdb ,A ,D122A ,a ,106.3 ,3.3 ,0.14 ,False ,False ,False ,a ,98.2 ,3.1 ,0.17 ,False ,False ,False ,0.02 ,Increased stability 
8,1RX4.pdb ,A ,D27N ,H ,15.3 ,5.5 ,0.43 ,True ,False ,False ,H ,15.8 ,5.5 ,0.44 ,True ,False ,False ,-0.45 ,Reduced stability 
9,1RX4.pdb ,A ,G121D ,b ,38.6 ,3.9 ,0.25 ,False ,False ,False ,b ,27.5 ,4.1 ,0.3 ,True ,False ,False ,-0.98 ,Reduced stability 
10,1RX4.pdb ,A ,G121H ,b ,38.6 ,3.9 ,0.25 ,False ,False ,False ,b ,35.2 ,4.0 ,0.28 ,False ,False ,False ,-0.12 ,Reduced stability 
11,1RX4.pdb ,A ,G67D ,p ,3.4 ,3.8 ,0.39 ,False ,False ,False ,p ,61.8 ,3.5 ,0.3 ,False ,False ,False ,-2.56 ,Reduced stability 
12,1RX4.pdb ,A ,I155D ,E ,19.2 ,4.3 ,0.49 ,False ,False ,False ,E ,17.5 ,4.3 ,0.47 ,False ,False ,False ,-1.82 ,Reduced stability 
13,1RX4.pdb ,A ,I155E ,E ,19.2 ,4.3 ,0.49 ,False ,False ,False ,E ,22.4 ,4.2 ,0.44 ,False ,False ,False ,-0.75 ,Reduced stability 
14,1RX4.pdb ,A ,I155K ,E ,19.2 ,4.3 ,0.49 ,False ,False ,False ,E ,30.4 ,4.5 ,0.39 ,False ,False ,False ,-0.93 ,Reduced stability 
15,1RX4.pdb ,A ,I155R ,E ,19.2 ,4.3 ,0.49 ,False ,False ,False ,E ,36.8 ,4.2 ,0.36 ,True ,False ,False ,-0.58 ,Reduced stability 
16,1RX4.pdb ,A ,L28R ,H ,60.5 ,3.6 ,0.28 ,False ,False ,False ,H ,79.3 ,3.4 ,0.18 ,False ,False ,False ,-0.29 ,Reduced stability 
17,1RX4.pdb ,A ,N59E ,E ,2.3 ,5.3 ,0.47 ,False ,True ,True ,E ,0.2 ,6.5 ,0.54 ,True ,True ,False ,-1.11 ,Reduced stability 
18,1RX4.pdb ,A ,N59H ,E ,2.3 ,5.3 ,0.47 ,False ,True ,True ,E ,0.8 ,6.5 ,0.56 ,True ,True ,False ,-1.11 ,Reduced stability 
19,1RX4.pdb ,A ,N59K ,E ,2.3 ,5.3 ,0.47 ,False ,True ,True ,E ,1.9 ,6.2 ,0.56 ,True ,False ,True ,-1.64 ,Reduced stability 
20,1RX4.pdb ,A ,R44A ,H ,21.7 ,4.0 ,0.41 ,True ,False ,True ,H ,34.2 ,3.9 ,0.38 ,False ,False ,False ,-0.09 ,Reduced stability 
1,1RX4.pdb ,A ,R44L ,H ,21.7 ,4.0 ,0.41 ,True ,False ,True ,H ,40.6 ,4.0 ,0.35 ,False ,False ,False ,0.08 ,Increased stability 
2,1RX4.pdb ,A ,S148E ,a ,46.8 ,3.6 ,0.34 ,False ,True ,True ,a ,67.4 ,3.4 ,0.24 ,False ,False ,True ,0.23 ,Increased stability 
3,1RX4.pdb ,A ,S148K ,a ,46.8 ,3.6 ,0.34 ,False ,True ,True ,a ,67.4 ,3.5 ,0.19 ,False ,False ,False ,-0.38 ,Reduced stability 
4,1RX4.pdb ,A ,S148R ,a ,46.8 ,3.6 ,0.34 ,False ,True ,True ,a ,71.0 ,3.4 ,0.18 ,False ,False ,True ,0.5 ,Increased stability 
5,1RX4.pdb ,A ,V40H ,E ,0.0 ,8.3 ,0.51 ,False ,False ,False ,E ,0.0 ,7.9 ,0.58 ,True ,False ,False ,-2.48 ,Reduced stability 
6,1RX4.pdb ,A ,V40R ,E ,0.0 ,8.3 ,0.51 ,False ,False ,False ,E ,0.0 ,7.9 ,0.61 ,True ,False ,True ,-3.51 ,Reduced stability 
7,1RX4.pdb ,A ,V75H ,E ,3.0 ,5.7 ,0.49 ,False ,False ,False ,E ,22.2 ,4.3 ,0.4 ,True ,False ,False ,-3.08 ,Reduced stability 
8,1RX4.pdb ,A ,V75R ,E ,3.0 ,5.7 ,0.49 ,False ,False ,False ,E ,31.8 ,4.6 ,0.49 ,True ,False ,False ,-4.27 ,Reduced stability 
9,1RX4.pdb ,A ,W30E ,H ,8.3 ,5.5 ,0.5 ,False ,False ,False ,H ,20.3 ,4.9 ,0.46 ,True ,False ,False ,-0.76 ,Reduced stability 
10,1RX4.pdb ,A ,W30H ,H ,8.3 ,5.5 ,0.5 ,False ,False ,False ,H ,7.1 ,5.4 ,0.49 ,True ,False ,False ,-1.14 ,Reduced stability 
11,1RX4.pdb ,A ,W30R ,H ,8.3 ,5.5 ,0.5 ,False ,False ,False ,H ,4.1 ,6.5 ,0.64 ,True ,False ,False ,0.38 ,Increased stability 
12,1RX4.pdb ,A ,E139K ,E ,49.2 ,3.5 ,0.38 ,True ,False ,False ,E ,58.4 ,3.6 ,0.29 ,False ,False ,False ,-0.39 ,Reduced stability 
13,1RX4.pdb ,A ,F31A ,H ,26.4 ,4.2 ,0.4 ,False ,False ,False ,H ,39.4 ,3.8 ,0.4 ,False ,False ,False ,0.97 ,Increased stability 
14,1RX4.pdb ,A ,F31V ,H ,26.4 ,4.2 ,0.4 ,False ,False ,False ,H ,36.9 ,3.9 ,0.41 ,False ,False ,False ,0.1 ,Increased stability 
15,1RX4.pdb ,A ,G121A ,b ,38.6 ,3.9 ,0.25 ,False ,False ,False ,b ,27.2 ,3.9 ,0.29 ,False ,False ,False ,-0.68 ,Reduced stability 
16,1RX4.pdb ,A ,G121C ,b ,38.6 ,3.9 ,0.25 ,False ,False ,False ,b ,23.7 ,4.0 ,0.29 ,False ,False ,False ,0.3 ,Increased stability 
17,1RX4.pdb ,A ,G121L ,b ,38.6 ,3.9 ,0.25 ,False ,False ,False ,b ,28.1 ,4.2 ,0.32 ,False ,False ,False ,-0.08 ,Reduced stability 
18,1RX4.pdb ,A ,G121S ,b ,38.6 ,3.9 ,0.25 ,False ,False ,False ,b ,26.7 ,3.9 ,0.29 ,False ,False ,False ,-0.59 ,Reduced stability 
19,1RX4.pdb ,A ,G121V ,b ,38.6 ,3.9 ,0.25 ,False ,False ,False ,b ,23.2 ,3.9 ,0.35 ,False ,False ,False ,0.47 ,Increased stability 
20,1RX4.pdb ,A ,G121Y ,b ,38.6 ,3.9 ,0.25 ,False ,False ,False ,b ,42.2 ,4.0 ,0.26 ,False ,False ,False ,0.02 ,Increased stability
1,1RX4.pdb ,A ,G15A ,b ,56.6 ,4.0 ,0.32 ,False ,False ,False ,b ,43.2 ,3.8 ,0.31 ,False ,False ,False ,-0.68 ,Reduced stability 
2,1RX4.pdb ,A ,G43A ,E ,26.1 ,5.1 ,0.48 ,False ,False ,False ,E ,21.2 ,4.0 ,0.49 ,False ,False ,False ,-0.68 ,Reduced stability 
3,1RX4.pdb ,A ,G67A ,p ,3.4 ,3.8 ,0.39 ,False ,False ,False ,p ,43.8 ,3.3 ,0.35 ,False ,False ,False ,-0.44 ,Reduced stability 
4,1RX4.pdb ,A ,G67C ,p ,3.4 ,3.8 ,0.39 ,False ,False ,False ,p ,62.6 ,3.4 ,0.29 ,False ,False ,False ,-0.76 ,Reduced stability 
5,1RX4.pdb ,A ,G67L ,p ,3.4 ,3.8 ,0.39 ,False ,False ,False ,p ,63.9 ,3.6 ,0.24 ,False ,False ,False ,-1.49 ,Reduced stability 
6,1RX4.pdb ,A ,G67S ,p ,3.4 ,3.8 ,0.39 ,False ,False ,False ,p ,41.1 ,3.5 ,0.34 ,False ,False ,False ,-1.76 ,Reduced stability 
7,1RX4.pdb ,A ,G67T ,p ,3.4 ,3.8 ,0.39 ,False ,False ,False ,p ,54.9 ,3.5 ,0.3 ,True ,False ,False ,-1.84 ,Reduced stability 
8,1RX4.pdb ,A ,G67V ,p ,3.4 ,3.8 ,0.39 ,False ,False ,False ,p ,47.3 ,3.5 ,0.33 ,False ,False ,False ,-1.22 ,Reduced stability 
9,1RX4.pdb ,A ,G95A ,e ,2.1 ,5.9 ,0.61 ,False ,False ,False ,b ,15.1 ,4.6 ,0.52 ,False ,False ,False ,-1.81 ,Reduced stability 
10,1RX4.pdb ,A ,I155A ,E ,19.2 ,4.3 ,0.49 ,False ,False ,False ,E ,15.9 ,4.0 ,0.46 ,False ,False ,False ,-1.49 ,Reduced stability 
11,1RX4.pdb ,A ,I155L ,E ,19.2 ,4.3 ,0.49 ,False ,False ,False ,E ,21.6 ,4.5 ,0.48 ,False ,False ,False ,-0.5 ,Reduced stability 
12,1RX4.pdb ,A ,I155Q ,E ,19.2 ,4.3 ,0.49 ,False ,False ,False ,E ,26.5 ,4.3 ,0.43 ,False ,False ,False ,-1.16 ,Reduced stability 
13,1RX4.pdb ,A ,I155S ,E ,19.2 ,4.3 ,0.49 ,False ,False ,False ,E ,15.6 ,4.2 ,0.46 ,False ,False ,False ,-1.52 ,Reduced stability 
14,1RX4.pdb ,A ,I155T ,E ,19.2 ,4.3 ,0.49 ,False ,False ,False ,E ,12.6 ,4.2 ,0.49 ,False ,False ,False ,-0.8 ,Reduced stability 
15,1RX4.pdb ,A ,I155V ,E ,19.2 ,4.3 ,0.49 ,False ,False ,False ,E ,12.7 ,4.2 ,0.5 ,False ,False ,False ,0.27 ,Increased stability 
16,1RX4.pdb ,A ,I155W ,E ,19.2 ,4.3 ,0.49 ,False ,False ,False ,E ,31.4 ,4.2 ,0.4 ,False ,False ,False ,-0.02 ,Reduced stability 
17,1RX4.pdb ,A ,I155Y ,E ,19.2 ,4.3 ,0.49 ,False ,False ,False ,E ,24.8 ,4.0 ,0.44 ,True ,False ,False ,-0.17 ,Reduced stability 
18,1RX4.pdb ,A ,L24V ,t ,0.5 ,7.3 ,0.52 ,False ,False ,False ,t ,4.7 ,6.8 ,0.5 ,False ,False ,False ,-2.36 ,Reduced stability 
19,1RX4.pdb ,A ,L54V ,p ,8.3 ,5.2 ,0.43 ,False ,False ,False ,p ,7.2 ,5.6 ,0.43 ,False ,False ,False ,-2.43 ,Reduced stability 
20,1RX4.pdb ,A ,N59C ,E ,2.3 ,5.3 ,0.47 ,False ,True ,True ,E ,1.0 ,5.6 ,0.46 ,False ,True ,True ,0.44 ,Increased stability 
1,1RX4.pdb ,A ,N59G ,E ,2.3 ,5.3 ,0.47 ,False ,True ,True ,E ,4.9 ,5.2 ,0.37 ,False ,False ,False ,-1.24 ,Reduced stability 
2,1RX4.pdb ,A ,N59I ,E ,2.3 ,5.3 ,0.47 ,False ,True ,True ,E ,6.1 ,5.9 ,0.52 ,False ,False ,False ,1.11 ,Increased stability 
3,1RX4.pdb ,A ,N59L ,E ,2.3 ,5.3 ,0.47 ,False ,True ,True ,E ,1.8 ,5.8 ,0.53 ,False ,False ,False ,0.59 ,Increased stability 
4,1RX4.pdb ,A ,N59M ,E ,2.3 ,5.3 ,0.47 ,False ,True ,True ,E ,2.4 ,5.9 ,0.55 ,False ,True ,False ,-0.77 ,Reduced stability 
5,1RX4.pdb ,A ,N59P ,E ,2.3 ,5.3 ,0.47 ,False ,True ,True ,a ,9.4 ,5.1 ,0.42 ,False ,False ,False ,-2.82 ,Reduced stability 
6,1RX4.pdb ,A ,N59Q ,E ,2.3 ,5.3 ,0.47 ,False ,True ,True ,E ,0.1 ,6.5 ,0.53 ,True ,True ,False ,-1.34 ,Reduced stability 
7,1RX4.pdb ,A ,N59S ,E ,2.3 ,5.3 ,0.47 ,False ,True ,True ,E ,1.9 ,5.1 ,0.4 ,False ,False ,False ,-1.73 ,Reduced stability 
8,1RX4.pdb ,A ,N59T ,E ,2.3 ,5.3 ,0.47 ,False ,True ,True ,E ,1.3 ,5.3 ,0.46 ,False ,False ,False ,-0.31 ,Reduced stability 
9,1RX4.pdb ,A ,N59V ,E ,2.3 ,5.3 ,0.47 ,False ,True ,True ,E ,2.3 ,5.6 ,0.48 ,False ,False ,False ,1.81 ,Increased stability 
10,1RX4.pdb ,A ,N59W ,E ,2.3 ,5.3 ,0.47 ,False ,True ,True ,E ,38.8 ,4.4 ,0.38 ,False ,False ,True ,-1.58 ,Reduced stability 
11,1RX4.pdb ,A ,P21L ,a ,41.6 ,3.9 ,0.25 ,False ,False ,False ,a ,78.5 ,3.5 ,0.1 ,False ,False ,False ,0.78 ,Increased stability 
12,1RX4.pdb ,A ,S148A ,a ,46.8 ,3.6 ,0.34 ,False ,True ,True ,a ,55.7 ,3.3 ,0.28 ,False ,False ,False ,0.35 ,Increased stability 
13,1RX4.pdb ,A ,S148N ,a ,46.8 ,3.6 ,0.34 ,False ,True ,True ,a ,65.7 ,3.4 ,0.23 ,False ,False ,False ,-0.09 ,Reduced stability 
14,1RX4.pdb ,A ,S148P ,a ,46.8 ,3.6 ,0.34 ,False ,True ,True ,a ,45.2 ,3.8 ,0.3 ,False ,False ,False ,-1.01 ,Reduced stability 
15,1RX4.pdb ,A ,S148T ,a ,46.8 ,3.6 ,0.34 ,False ,True ,True ,a ,49.7 ,3.6 ,0.31 ,False ,False ,False ,0.05 ,Increased stability 
16,1RX4.pdb ,A ,S148V ,a ,46.8 ,3.6 ,0.34 ,False ,True ,True ,a ,64.0 ,3.6 ,0.24 ,False ,False ,False ,0.28 ,Increased stability 
17,1RX4.pdb ,A ,T113V ,E ,1.4 ,7.3 ,0.53 ,True ,False ,False ,E ,0.8 ,7.3 ,0.57 ,False ,False ,False ,2.39 ,Increased stability 
18,1RX4.pdb ,A ,T35A ,H ,0.0 ,7.2 ,0.62 ,False ,False ,True ,H ,0.0 ,7.3 ,0.57 ,False ,False ,False ,1.82 ,Increased stability 
19,1RX4.pdb ,A ,V40A ,E ,0.0 ,8.3 ,0.51 ,False ,False ,False ,E ,0.4 ,8.5 ,0.43 ,False ,False ,False ,-2.85 ,Reduced stability 
20,1RX4.pdb ,A ,V40F ,E ,0.0 ,8.3 ,0.51 ,False ,False ,False ,E ,0.0 ,7.7 ,0.59 ,False ,False ,False ,-1.93 ,Reduced stability 
1,1RX4.pdb ,A ,V40I ,E ,0.0 ,8.3 ,0.51 ,False ,False ,False ,E ,0.0 ,8.1 ,0.54 ,False ,False ,False ,-0.57 ,Reduced stability 
2,1RX4.pdb ,A ,V40L ,E ,0.0 ,8.3 ,0.51 ,False ,False ,False ,E ,0.0 ,8.0 ,0.56 ,False ,False ,False ,-1.38 ,Reduced stability 
3,1RX4.pdb ,A ,V40M ,E ,0.0 ,8.3 ,0.51 ,False ,False ,False ,E ,0.0 ,8.1 ,0.57 ,True ,False ,False ,-1.78 ,Reduced stability 
4,1RX4.pdb ,A ,V40N ,E ,0.0 ,8.3 ,0.51 ,False ,False ,False ,E ,0.2 ,8.1 ,0.48 ,False ,False ,False ,-2.76 ,Reduced stability 
5,1RX4.pdb ,A ,V40S ,E ,0.0 ,8.3 ,0.51 ,False ,False ,False ,E ,0.0 ,8.4 ,0.44 ,False ,False ,False ,-3.94 ,Reduced stability 
6,1RX4.pdb ,A ,V75A ,E ,3.0 ,5.7 ,0.49 ,False ,False ,False ,E ,2.4 ,5.6 ,0.41 ,False ,False ,False ,-2.85 ,Reduced stability 
7,1RX4.pdb ,A ,V75C ,E ,3.0 ,5.7 ,0.49 ,False ,False ,False ,E ,4.6 ,5.2 ,0.45 ,False ,False ,False ,-1.36 ,Reduced stability 
8,1RX4.pdb ,A ,V75I ,E ,3.0 ,5.7 ,0.49 ,False ,False ,False ,E ,3.0 ,5.9 ,0.54 ,False ,False ,False ,-0.57 ,Reduced stability 
9,1RX4.pdb ,A ,V75S ,E ,3.0 ,5.7 ,0.49 ,False ,False ,False ,E ,2.4 ,6.2 ,0.44 ,False ,False ,True ,-3.79 ,Reduced stability 
10,1RX4.pdb ,A ,V75Y ,E ,3.0 ,5.7 ,0.49 ,False ,False ,False ,E ,2.5 ,6.6 ,0.62 ,False ,False ,False ,-2.32 ,Reduced stability 
11,1RX4.pdb ,A ,V88A ,b ,33.9 ,3.9 ,0.24 ,False ,False ,False ,b ,30.9 ,3.5 ,0.2 ,False ,False ,False ,-1.16 ,Reduced stability 
12,1RX4.pdb ,A ,V88I ,b ,33.9 ,3.9 ,0.24 ,False ,False ,False ,b ,40.3 ,4.1 ,0.26 ,False ,False ,False ,0.08 ,Increased stability 
13,1RX4.pdb ,A ,W22L ,p ,9.2 ,6.1 ,0.44 ,False ,False ,False ,b ,11.6 ,5.9 ,0.39 ,False ,False ,False ,-1.19 ,Reduced stability 
14,1RX4.pdb ,A ,W30A ,H ,8.3 ,5.5 ,0.5 ,False ,False ,False ,H ,10.0 ,5.4 ,0.48 ,False ,False ,False ,-1.18 ,Reduced stability 
15,1RX4.pdb ,A ,W30M ,H ,8.3 ,5.5 ,0.5 ,False ,False ,False ,H ,14.9 ,5.0 ,0.44 ,True ,False ,False ,-0.85 ,Reduced stability 
16,1RX4.pdb ,A ,W30N ,H ,8.3 ,5.5 ,0.5 ,False ,False ,False ,H ,16.4 ,5.3 ,0.47 ,True ,False ,False ,-2.39 ,Reduced stability 
17,1RX4.pdb ,A ,W30S ,H ,8.3 ,5.5 ,0.5 ,False ,False ,False ,H ,10.3 ,5.5 ,0.49 ,False ,False ,True ,-1.95 ,Reduced stability 
18,1RX4.pdb ,A ,W30Y ,H ,8.3 ,5.5 ,0.5 ,False ,False ,False ,H ,6.8 ,5.4 ,0.51 ,False ,False ,False ,-1.15 ,Reduced stability 
19,1RX4.pdb ,A ,D122A ,a ,106.3 ,3.3 ,0.14 ,False ,False ,False ,a ,98.2 ,3.1 ,0.17 ,False ,False ,False ,0.02 ,Increased stability 
20,1RX4.pdb ,A ,D27N ,H ,15.3 ,5.5 ,0.43 ,True ,False ,False ,H ,15.8 ,5.5 ,0.44 ,True ,False ,False ,-0.45 ,Reduced stability
1,1RX4.pdb ,A ,G121D ,b ,38.6 ,3.9 ,0.25 ,False ,False ,False ,b ,27.5 ,4.1 ,0.3 ,True ,False ,False ,-0.98 ,Reduced stability 
2,1RX4.pdb ,A ,G121H ,b ,38.6 ,3.9 ,0.25 ,False ,False ,False ,b ,35.2 ,4.0 ,0.28 ,False ,False ,False ,-0.12 ,Reduced stability 
3,1RX4.pdb ,A ,G67D ,p ,3.4 ,3.8 ,0.39 ,False ,False ,False ,p ,61.8 ,3.5 ,0.3 ,False ,False ,False ,-2.56 ,Reduced stability 
4,1RX4.pdb ,A ,I155D ,E ,19.2 ,4.3 ,0.49 ,False ,False ,False ,E ,17.5 ,4.3 ,0.47 ,False ,False ,False ,-1.82 ,Reduced stability 
5,1RX4.pdb ,A ,I155E ,E ,19.2 ,4.3 ,0.49 ,False ,False ,False ,E ,22.4 ,4.2 ,0.44 ,False ,False ,False ,-0.75 ,Reduced stability 
6,1RX4.pdb ,A ,I155K ,E ,19.2 ,4.3 ,0.49 ,False ,False ,False ,E ,30.4 ,4.5 ,0.39 ,False ,False ,False ,-0.93 ,Reduced stability 
7,1RX4.pdb ,A ,I155R ,E ,19.2 ,4.3 ,0.49 ,False ,False ,False ,E ,36.8 ,4.2 ,0.36 ,True ,False ,False ,-0.58 ,Reduced stability 
8,1RX4.pdb ,A ,L28R ,H ,60.5 ,3.6 ,0.28 ,False ,False ,False ,H ,79.3 ,3.4 ,0.18 ,False ,False ,False ,-0.29 ,Reduced stability 
9,1RX4.pdb ,A ,N59E ,E ,2.3 ,5.3 ,0.47 ,False ,True ,True ,E ,0.2 ,6.5 ,0.54 ,True ,True ,False ,-1.11 ,Reduced stability 
10,1RX4.pdb ,A ,N59H ,E ,2.3 ,5.3 ,0.47 ,False ,True ,True ,E ,0.8 ,6.5 ,0.56 ,True ,True ,False ,-1.11 ,Reduced stability 
11,1RX4.pdb ,A ,N59K ,E ,2.3 ,5.3 ,0.47 ,False ,True ,True ,E ,1.9 ,6.2 ,0.56 ,True ,False ,True ,-1.64 ,Reduced stability 
12,1RX4.pdb ,A ,R44A ,H ,21.7 ,4.0 ,0.41 ,True ,False ,True ,H ,34.2 ,3.9 ,0.38 ,False ,False ,False ,-0.09 ,Reduced stability 
13,1RX4.pdb ,A ,R44L ,H ,21.7 ,4.0 ,0.41 ,True ,False ,True ,H ,40.6 ,4.0 ,0.35 ,False ,False ,False ,0.08 ,Increased stability 
14,1RX4.pdb ,A ,S148E ,a ,46.8 ,3.6 ,0.34 ,False ,True ,True ,a ,67.4 ,3.4 ,0.24 ,False ,False ,True ,0.23 ,Increased stability 
15,1RX4.pdb ,A ,S148K ,a ,46.8 ,3.6 ,0.34 ,False ,True ,True ,a ,67.4 ,3.5 ,0.19 ,False ,False ,False ,-0.38 ,Reduced stability 
16,1RX4.pdb ,A ,S148R ,a ,46.8 ,3.6 ,0.34 ,False ,True ,True ,a ,71.0 ,3.4 ,0.18 ,False ,False ,True ,0.5 ,Increased stability 
17,1RX4.pdb ,A ,V40H ,E ,0.0 ,8.3 ,0.51 ,False ,False ,False ,E ,0.0 ,7.9 ,0.58 ,True ,False ,False ,-2.48 ,Reduced stability 
18,1RX4.pdb ,A ,V40R ,E ,0.0 ,8.3 ,0.51 ,False ,False ,False ,E ,0.0 ,7.9 ,0.61 ,True ,False ,True ,-3.51 ,Reduced stability 
19,1RX4.pdb ,A ,V75H ,E ,3.0 ,5.7 ,0.49 ,False ,False ,False ,E ,22.2 ,4.3 ,0.4 ,True ,False ,False ,-3.08 ,Reduced stability 
20,1RX4.pdb ,A ,V75R ,E ,3.0 ,5.7 ,0.49 ,False ,False ,False ,E ,31.8 ,4.6 ,0.49 ,True ,False ,False ,-4.27 ,Reduced stability 
1,1RX4.pdb ,A ,W30E ,H ,8.3 ,5.5 ,0.5 ,False ,False ,False ,H ,20.3 ,4.9 ,0.46 ,True ,False ,False ,-0.76 ,Reduced stability 
2,1RX4.pdb ,A ,W30H ,H ,8.3 ,5.5 ,0.5 ,False ,False ,False ,H ,7.1 ,5.4 ,0.49 ,True ,False ,False ,-1.14 ,Reduced stability 
3,1RX4.pdb ,A ,W30R ,H ,8.3 ,5.5 ,0.5 ,False ,False ,False ,H ,4.1 ,6.5 ,0.64 ,True ,False ,False ,0.38 ,Increased stability 
4,1RX4.pdb ,A ,E139K ,E ,49.2 ,3.5 ,0.38 ,True ,False ,False ,E ,58.4 ,3.6 ,0.29 ,False ,False ,False ,-0.39 ,Reduced stability 
5,1RX4.pdb ,A ,D122A ,a ,106.3 ,3.3 ,0.14 ,False ,False ,False ,a ,98.2 ,3.1 ,0.17 ,False ,False ,False ,0.02 ,Increased stability 
6,1RX4.pdb ,A ,D27N ,H ,15.3 ,5.5 ,0.43 ,True ,False ,False ,H ,15.8 ,5.5 ,0.44 ,True ,False ,False ,-0.45 ,Reduced stability 
7,1RX4.pdb ,A ,E139K ,E ,49.2 ,3.5 ,0.38 ,True ,False ,False ,E ,58.4 ,3.6 ,0.29 ,False ,False ,False ,-0.39 ,Reduced stability 
8,1RX4.pdb ,A ,F31A ,H ,26.4 ,4.2 ,0.4 ,False ,False ,False ,H ,39.4 ,3.8 ,0.4 ,False ,False ,False ,0.97 ,Increased stability 
9,1RX4.pdb ,A ,F31V ,H ,26.4 ,4.2 ,0.4 ,False ,False ,False ,H ,36.9 ,3.9 ,0.41 ,False ,False ,False ,0.1 ,Increased stability 
10,1RX4.pdb ,A ,G121A ,b ,38.6 ,3.9 ,0.25 ,False ,False ,False ,b ,27.2 ,3.9 ,0.29 ,False ,False ,False ,-0.68 ,Reduced stability 
11,1RX4.pdb ,A ,G121C ,b ,38.6 ,3.9 ,0.25 ,False ,False ,False ,b ,23.7 ,4.0 ,0.29 ,False ,False ,False ,0.3 ,Increased stability 
12,1RX4.pdb ,A ,G121D ,b ,38.6 ,3.9 ,0.25 ,False ,False ,False ,b ,27.5 ,4.1 ,0.3 ,True ,False ,False ,-0.98 ,Reduced stability 
13,1RX4.pdb ,A ,G121H ,b ,38.6 ,3.9 ,0.25 ,False ,False ,False ,b ,35.2 ,4.0 ,0.28 ,False ,False ,False ,-0.12 ,Reduced stability 
14,1RX4.pdb ,A ,G121L ,b ,38.6 ,3.9 ,0.25 ,False ,False ,False ,b ,28.1 ,4.2 ,0.32 ,False ,False ,False ,-0.08 ,Reduced stability 
15,1RX4.pdb ,A ,G121S ,b ,38.6 ,3.9 ,0.25 ,False ,False ,False ,b ,26.7 ,3.9 ,0.29 ,False ,False ,False ,-0.59 ,Reduced stability 
16,1RX4.pdb ,A ,G121V ,b ,38.6 ,3.9 ,0.25 ,False ,False ,False ,b ,23.2 ,3.9 ,0.35 ,False ,False ,False ,0.47 ,Increased stability 
17,1RX4.pdb ,A ,G121Y ,b ,38.6 ,3.9 ,0.25 ,False ,False ,False ,b ,42.2 ,4.0 ,0.26 ,False ,False ,False ,0.02 ,Increased stability 
18,1RX4.pdb ,A ,G15A ,b ,56.6 ,4.0 ,0.32 ,False ,False ,False ,b ,43.2 ,3.8 ,0.31 ,False ,False ,False ,-0.68 ,Reduced stability 
19,1RX4.pdb ,A ,G43A ,E ,26.1 ,5.1 ,0.48 ,False ,False ,False ,E ,21.2 ,4.0 ,0.49 ,False ,False ,False ,-0.68 ,Reduced stability 
20,1RX4.pdb ,A ,G67A ,p ,3.4 ,3.8 ,0.39 ,False ,False ,False ,p ,43.8 ,3.3 ,0.35 ,False ,False ,False ,-0.44 ,Reduced stability 
1,1RX4.pdb ,A ,G67C ,p ,3.4 ,3.8 ,0.39 ,False ,False ,False ,p ,62.6 ,3.4 ,0.29 ,False ,False ,False ,-0.76 ,Reduced stability 
2,1RX4.pdb ,A ,G67D ,p ,3.4 ,3.8 ,0.39 ,False ,False ,False ,p ,61.8 ,3.5 ,0.3 ,False ,False ,False ,-2.56 ,Reduced stability 
3,1RX4.pdb ,A ,G67L ,p ,3.4 ,3.8 ,0.39 ,False ,False ,False ,p ,63.9 ,3.6 ,0.24 ,False ,False ,False ,-1.49 ,Reduced stability 
4,1RX4.pdb ,A ,G67S ,p ,3.4 ,3.8 ,0.39 ,False ,False ,False ,p ,41.1 ,3.5 ,0.34 ,False ,False ,False ,-1.76 ,Reduced stability 
5,1RX4.pdb ,A ,G67T ,p ,3.4 ,3.8 ,0.39 ,False ,False ,False ,p ,54.9 ,3.5 ,0.3 ,True ,False ,False ,-1.84 ,Reduced stability 
6,1RX4.pdb ,A ,G67V ,p ,3.4 ,3.8 ,0.39 ,False ,False ,False ,p ,47.3 ,3.5 ,0.33 ,False ,False ,False ,-1.22 ,Reduced stability 
7,1RX4.pdb ,A ,G95A ,e ,2.1 ,5.9 ,0.61 ,False ,False ,False ,b ,15.1 ,4.6 ,0.52 ,False ,False ,False ,-1.81 ,Reduced stability 
8,1RX4.pdb ,A ,I155A ,E ,19.2 ,4.3 ,0.49 ,False ,False ,False ,E ,15.9 ,4.0 ,0.46 ,False ,False ,False ,-1.49 ,Reduced stability 
9,1RX4.pdb ,A ,I155D ,E ,19.2 ,4.3 ,0.49 ,False ,False ,False ,E ,17.5 ,4.3 ,0.47 ,False ,False ,False ,-1.82 ,Reduced stability 
10,1RX4.pdb ,A ,I155E ,E ,19.2 ,4.3 ,0.49 ,False ,False ,False ,E ,22.4 ,4.2 ,0.44 ,False ,False ,False ,-0.75 ,Reduced stability 
11,1RX4.pdb ,A ,I155K ,E ,19.2 ,4.3 ,0.49 ,False ,False ,False ,E ,30.4 ,4.5 ,0.39 ,False ,False ,False ,-0.93 ,Reduced stability 
12,1RX4.pdb ,A ,I155L ,E ,19.2 ,4.3 ,0.49 ,False ,False ,False ,E ,21.6 ,4.5 ,0.48 ,False ,False ,False ,-0.5 ,Reduced stability 
13,1RX4.pdb ,A ,I155Q ,E ,19.2 ,4.3 ,0.49 ,False ,False ,False ,E ,26.5 ,4.3 ,0.43 ,False ,False ,False ,-1.16 ,Reduced stability 
14,1RX4.pdb ,A ,I155R ,E ,19.2 ,4.3 ,0.49 ,False ,False ,False ,E ,36.8 ,4.2 ,0.36 ,True ,False ,False ,-0.58 ,Reduced stability 
15,1RX4.pdb ,A ,I155S ,E ,19.2 ,4.3 ,0.49 ,False ,False ,False ,E ,15.6 ,4.2 ,0.46 ,False ,False ,False ,-1.52 ,Reduced stability 
16,1RX4.pdb ,A ,I155T ,E ,19.2 ,4.3 ,0.49 ,False ,False ,False ,E ,12.6 ,4.2 ,0.49 ,False ,False ,False ,-0.8 ,Reduced stability 
17,1RX4.pdb ,A ,I155V ,E ,19.2 ,4.3 ,0.49 ,False ,False ,False ,E ,12.7 ,4.2 ,0.5 ,False ,False ,False ,0.27 ,Increased stability 
18,1RX4.pdb ,A ,I155W ,E ,19.2 ,4.3 ,0.49 ,False ,False ,False ,E ,31.4 ,4.2 ,0.4 ,False ,False ,False ,-0.02 ,Reduced stability 
19,1RX4.pdb ,A ,I155Y ,E ,19.2 ,4.3 ,0.49 ,False ,False ,False ,E ,24.8 ,4.0 ,0.44 ,True ,False ,False ,-0.17 ,Reduced stability 
20,1RX4.pdb ,A ,L24V ,t ,0.5 ,7.3 ,0.52 ,False ,False ,False ,t ,4.7 ,6.8 ,0.5 ,False ,False ,False ,-2.36 ,Reduced stability 
1,1RX4.pdb ,A ,L28R ,H ,60.5 ,3.6 ,0.28 ,False ,False ,False ,H ,79.3 ,3.4 ,0.18 ,False ,False ,False ,-0.29 ,Reduced stability 
2,1RX4.pdb ,A ,L54V ,p ,8.3 ,5.2 ,0.43 ,False ,False ,False ,p ,7.2 ,5.6 ,0.43 ,False ,False ,False ,-2.43 ,Reduced stability 
3,1RX4.pdb ,A ,N59C ,E ,2.3 ,5.3 ,0.47 ,False ,True ,True ,E ,1.0 ,5.6 ,0.46 ,False ,True ,True ,0.44 ,Increased stability 
4,1RX4.pdb ,A ,N59E ,E ,2.3 ,5.3 ,0.47 ,False ,True ,True ,E ,0.2 ,6.5 ,0.54 ,True ,True ,False ,-1.11 ,Reduced stability 
5,1RX4.pdb ,A ,N59G ,E ,2.3 ,5.3 ,0.47 ,False ,True ,True ,E ,4.9 ,5.2 ,0.37 ,False ,False ,False ,-1.24 ,Reduced stability 
6,1RX4.pdb ,A ,N59H ,E ,2.3 ,5.3 ,0.47 ,False ,True ,True ,E ,0.8 ,6.5 ,0.56 ,True ,True ,False ,-1.11 ,Reduced stability 
7,1RX4.pdb ,A ,N59I ,E ,2.3 ,5.3 ,0.47 ,False ,True ,True ,E ,6.1 ,5.9 ,0.52 ,False ,False ,False ,1.11 ,Increased stability 
8,1RX4.pdb ,A ,N59K ,E ,2.3 ,5.3 ,0.47 ,False ,True ,True ,E ,1.9 ,6.2 ,0.56 ,True ,False ,True ,-1.64 ,Reduced stability 
9,1RX4.pdb ,A ,N59L ,E ,2.3 ,5.3 ,0.47 ,False ,True ,True ,E ,1.8 ,5.8 ,0.53 ,False ,False ,False ,0.59 ,Increased stability 
10,1RX4.pdb ,A ,N59M ,E ,2.3 ,5.3 ,0.47 ,False ,True ,True ,E ,2.4 ,5.9 ,0.55 ,False ,True ,False ,-0.77 ,Reduced stability 
11,1RX4.pdb ,A ,N59P ,E ,2.3 ,5.3 ,0.47 ,False ,True ,True ,a ,9.4 ,5.1 ,0.42 ,False ,False ,False ,-2.82 ,Reduced stability 
12,1RX4.pdb ,A ,N59Q ,E ,2.3 ,5.3 ,0.47 ,False ,True ,True ,E ,0.1 ,6.5 ,0.53 ,True ,True ,False ,-1.34 ,Reduced stability 
13,1RX4.pdb ,A ,N59S ,E ,2.3 ,5.3 ,0.47 ,False ,True ,True ,E ,1.9 ,5.1 ,0.4 ,False ,False ,False ,-1.73 ,Reduced stability 
14,1RX4.pdb ,A ,N59T ,E ,2.3 ,5.3 ,0.47 ,False ,True ,True ,E ,1.3 ,5.3 ,0.46 ,False ,False ,False ,-0.31 ,Reduced stability 
15,1RX4.pdb ,A ,N59V ,E ,2.3 ,5.3 ,0.47 ,False ,True ,True ,E ,2.3 ,5.6 ,0.48 ,False ,False ,False ,1.81 ,Increased stability 
16,1RX4.pdb ,A ,N59W ,E ,2.3 ,5.3 ,0.47 ,False ,True ,True ,E ,38.8 ,4.4 ,0.38 ,False ,False ,True ,-1.58 ,Reduced stability 
17,1RX4.pdb ,A ,P21L ,a ,41.6 ,3.9 ,0.25 ,False ,False ,False ,a ,78.5 ,3.5 ,0.1 ,False ,False ,False ,0.78 ,Increased stability 
18,1RX4.pdb ,A ,R44A ,H ,21.7 ,4.0 ,0.41 ,True ,False ,True ,H ,34.2 ,3.9 ,0.38 ,False ,False ,False ,-0.09 ,Reduced stability 
19,1RX4.pdb ,A ,R44L ,H ,21.7 ,4.0 ,0.41 ,True ,False ,True ,H ,40.6 ,4.0 ,0.35 ,False ,False ,False ,0.08 ,Increased stability 
20,1RX4.pdb ,A ,S148A ,a ,46.8 ,3.6 ,0.34 ,False ,True ,True ,a ,55.7 ,3.3 ,0.28 ,False ,False ,False ,0.35 ,Increased stability 
1,1RX4.pdb ,A ,S148E ,a ,46.8 ,3.6 ,0.34 ,False ,True ,True ,a ,67.4 ,3.4 ,0.24 ,False ,False ,True ,0.23 ,Increased stability 
2,1RX4.pdb ,A ,S148K ,a ,46.8 ,3.6 ,0.34 ,False ,True ,True ,a ,67.4 ,3.5 ,0.19 ,False ,False ,False ,-0.38 ,Reduced stability 
3,1RX4.pdb ,A ,S148N ,a ,46.8 ,3.6 ,0.34 ,False ,True ,True ,a ,65.7 ,3.4 ,0.23 ,False ,False ,False ,-0.09 ,Reduced stability 
4,1RX4.pdb ,A ,S148P ,a ,46.8 ,3.6 ,0.34 ,False ,True ,True ,a ,45.2 ,3.8 ,0.3 ,False ,False ,False ,-1.01 ,Reduced stability 
5,1RX4.pdb ,A ,S148R ,a ,46.8 ,3.6 ,0.34 ,False ,True ,True ,a ,71.0 ,3.4 ,0.18 ,False ,False ,True ,0.5 ,Increased stability 
6,1RX4.pdb ,A ,S148T ,a ,46.8 ,3.6 ,0.34 ,False ,True ,True ,a ,49.7 ,3.6 ,0.31 ,False ,False ,False ,0.05 ,Increased stability 
7,1RX4.pdb ,A ,S148V ,a ,46.8 ,3.6 ,0.34 ,False ,True ,True ,a ,64.0 ,3.6 ,0.24 ,False ,False ,False ,0.28 ,Increased stability 
8,1RX4.pdb ,A ,T113V ,E ,1.4 ,7.3 ,0.53 ,True ,False ,False ,E ,0.8 ,7.3 ,0.57 ,False ,False ,False ,2.39 ,Increased stability 
9,1RX4.pdb ,A ,T35A ,H ,0.0 ,7.2 ,0.62 ,False ,False ,True ,H ,0.0 ,7.3 ,0.57 ,False ,False ,False ,1.82 ,Increased stability 
10,1RX4.pdb ,A ,V40A ,E ,0.0 ,8.3 ,0.51 ,False ,False ,False ,E ,0.4 ,8.5 ,0.43 ,False ,False ,False ,-2.85 ,Reduced stability 
11,1RX4.pdb ,A ,V40F ,E ,0.0 ,8.3 ,0.51 ,False ,False ,False ,E ,0.0 ,7.7 ,0.59 ,False ,False ,False ,-1.93 ,Reduced stability 
12,1RX4.pdb ,A ,V40H ,E ,0.0 ,8.3 ,0.51 ,False ,False ,False ,E ,0.0 ,7.9 ,0.58 ,True ,False ,False ,-2.48 ,Reduced stability 
13,1RX4.pdb ,A ,V40I ,E ,0.0 ,8.3 ,0.51 ,False ,False ,False ,E ,0.0 ,8.1 ,0.54 ,False ,False ,False ,-0.57 ,Reduced stability 
14,1RX4.pdb ,A ,V40L ,E ,0.0 ,8.3 ,0.51 ,False ,False ,False ,E ,0.0 ,8.0 ,0.56 ,False ,False ,False ,-1.38 ,Reduced stability 
15,1RX4.pdb ,A ,V40M ,E ,0.0 ,8.3 ,0.51 ,False ,False ,False ,E ,0.0 ,8.1 ,0.57 ,True ,False ,False ,-1.78 ,Reduced stability 
16,1RX4.pdb ,A ,V40N ,E ,0.0 ,8.3 ,0.51 ,False ,False ,False ,E ,0.2 ,8.1 ,0.48 ,False ,False ,False ,-2.76 ,Reduced stability 
17,1RX4.pdb ,A ,V40R ,E ,0.0 ,8.3 ,0.51 ,False ,False ,False ,E ,0.0 ,7.9 ,0.61 ,True ,False ,True ,-3.51 ,Reduced stability 
18,1RX4.pdb ,A ,V40S ,E ,0.0 ,8.3 ,0.51 ,False ,False ,False ,E ,0.0 ,8.4 ,0.44 ,False ,False ,False ,-3.94 ,Reduced stability 
19,1RX4.pdb ,A ,V75A ,E ,3.0 ,5.7 ,0.49 ,False ,False ,False ,E ,2.4 ,5.6 ,0.41 ,False ,False ,False ,-2.85 ,Reduced stability 
20,1RX4.pdb ,A ,V75C ,E ,3.0 ,5.7 ,0.49 ,False ,False ,False ,E ,4.6 ,5.2 ,0.45 ,False ,False ,False ,-1.36 ,Reduced stability 
1,1RX4.pdb ,A ,V75H ,E ,3.0 ,5.7 ,0.49 ,False ,False ,False ,E ,22.2 ,4.3 ,0.4 ,True ,False ,False ,-3.08 ,Reduced stability 
2,1RX4.pdb ,A ,V75I ,E ,3.0 ,5.7 ,0.49 ,False ,False ,False ,E ,3.0 ,5.9 ,0.54 ,False ,False ,False ,-0.57 ,Reduced stability 
3,1RX4.pdb ,A ,V75R ,E ,3.0 ,5.7 ,0.49 ,False ,False ,False ,E ,31.8 ,4.6 ,0.49 ,True ,False ,False ,-4.27 ,Reduced stability 
4,1RX4.pdb ,A ,V75S ,E ,3.0 ,5.7 ,0.49 ,False ,False ,False ,E ,2.4 ,6.2 ,0.44 ,False ,False ,True ,-3.79 ,Reduced stability 
5,1RX4.pdb ,A ,V75Y ,E ,3.0 ,5.7 ,0.49 ,False ,False ,False ,E ,2.5 ,6.6 ,0.62 ,False ,False ,False ,-2.32 ,Reduced stability 
6,1RX4.pdb ,A ,V88A ,b ,33.9 ,3.9 ,0.24 ,False ,False ,False ,b ,30.9 ,3.5 ,0.2 ,False ,False ,False ,-1.16 ,Reduced stability 
7,1RX4.pdb ,A ,V88I ,b ,33.9 ,3.9 ,0.24 ,False ,False ,False ,b ,40.3 ,4.1 ,0.26 ,False ,False ,False ,0.08 ,Increased stability 
8,1RX4.pdb ,A ,W22L ,p ,9.2 ,6.1 ,0.44 ,False ,False ,False ,b ,11.6 ,5.9 ,0.39 ,False ,False ,False ,-1.19 ,Reduced stability 
9,1RX4.pdb ,A ,W30A ,H ,8.3 ,5.5 ,0.5 ,False ,False ,False ,H ,10.0 ,5.4 ,0.48 ,False ,False ,False ,-1.18 ,Reduced stability 
10,1RX4.pdb ,A ,W30E ,H ,8.3 ,5.5 ,0.5 ,False ,False ,False ,H ,20.3 ,4.9 ,0.46 ,True ,False ,False ,-0.76 ,Reduced stability 
11,1RX4.pdb ,A ,W30H ,H ,8.3 ,5.5 ,0.5 ,False ,False ,False ,H ,7.1 ,5.4 ,0.49 ,True ,False ,False ,-1.14 ,Reduced stability 
12,1RX4.pdb ,A ,W30M ,H ,8.3 ,5.5 ,0.5 ,False ,False ,False ,H ,14.9 ,5.0 ,0.44 ,True ,False ,False ,-0.85 ,Reduced stability 
13,1RX4.pdb ,A ,W30N ,H ,8.3 ,5.5 ,0.5 ,False ,False ,False ,H ,16.4 ,5.3 ,0.47 ,True ,False ,False ,-2.39 ,Reduced stability 
14,1RX4.pdb ,A ,W30R ,H ,8.3 ,5.5 ,0.5 ,False ,False ,False ,H ,4.1 ,6.5 ,0.64 ,True ,False ,False ,0.38 ,Increased stability 
15,1RX4.pdb ,A ,W30S ,H ,8.3 ,5.5 ,0.5 ,False ,False ,False ,H ,10.3 ,5.5 ,0.49 ,False ,False ,True ,-1.95 ,Reduced stability 
16,1RX4.pdb ,A ,W30Y ,H ,8.3 ,5.5 ,0.5 ,False ,False ,False ,H ,6.8 ,5.4 ,0.51 ,False ,False ,False ,-1.15 ,Reduced stability 
